L 1 "..\RT-Thread\src\mempool.c"
N/*
N * Copyright (c) 2006-2022, RT-Thread Development Team
N *
N * SPDX-License-Identifier: Apache-2.0
N *
N * Change Logs:
N * Date           Author       Notes
N * 2006-05-27     Bernard      implement memory pool
N * 2006-06-03     Bernard      fix the thread timer init bug
N * 2006-06-30     Bernard      fix the allocate/free block bug
N * 2006-08-04     Bernard      add hook support
N * 2006-08-10     Bernard      fix interrupt bug in rt_mp_alloc
N * 2010-07-13     Bernard      fix RT_ALIGN issue found by kuronca
N * 2010-10-26     yi.qiu       add module support in rt_mp_delete
N * 2011-01-24     Bernard      add object allocation check.
N * 2012-03-22     Bernard      fix align issue in rt_mp_init and rt_mp_create.
N * 2022-01-07     Gabriel      Moving __on_rt_xxxxx_hook to mempool.c
N * 2023-09-15     xqyjlj       perf rt_hw_interrupt_disable/enable
N * 2023-12-10     xqyjlj       fix spinlock assert
N */
N
N#include <rthw.h>
L 1 "..\RT-Thread\include\rthw.h" 1
N/*
N * Copyright (c) 2006-2021, RT-Thread Development Team
N *
N * SPDX-License-Identifier: Apache-2.0
N *
N * Change Logs:
N * Date           Author       Notes
N * 2006-03-18     Bernard      the first version
N * 2006-04-25     Bernard      add rt_hw_context_switch_interrupt declaration
N * 2006-09-24     Bernard      add rt_hw_context_switch_to declaration
N * 2012-12-29     Bernard      add rt_hw_exception_install declaration
N * 2017-10-17     Hichard      add some macros
N * 2018-11-17     Jesven       add rt_hw_spinlock_t
N *                             add smp support
N * 2019-05-18     Bernard      add empty definition for not enable cache case
N * 2023-09-15     xqyjlj       perf rt_hw_interrupt_disable/enable
N * 2023-10-16     Shell        Support a new backtrace framework
N */
N
N#ifndef __RT_HW_H__
N#define __RT_HW_H__
N
N#include <rtdef.h>
L 1 "..\RT-Thread\include\rtdef.h" 1
N/*
N * Copyright (c) 2006-2024, RT-Thread Development Team
N *
N * SPDX-License-Identifier: Apache-2.0
N *
N * Change Logs:
N * Date           Author       Notes
N * 2007-01-10     Bernard      the first version
N * 2008-07-12     Bernard      remove all rt_int8, rt_uint32_t etc typedef
N * 2010-10-26     yi.qiu       add module support
N * 2010-11-10     Bernard      add cleanup callback function in thread exit.
N * 2011-05-09     Bernard      use builtin va_arg in GCC 4.x
N * 2012-11-16     Bernard      change RT_NULL from ((void*)0) to 0.
N * 2012-12-29     Bernard      change the RT_USING_MEMPOOL location and add
N *                             RT_USING_MEMHEAP condition.
N * 2012-12-30     Bernard      add more control command for graphic.
N * 2013-01-09     Bernard      change version number.
N * 2015-02-01     Bernard      change version number to v2.1.0
N * 2017-08-31     Bernard      change version number to v3.0.0
N * 2017-11-30     Bernard      change version number to v3.0.1
N * 2017-12-27     Bernard      change version number to v3.0.2
N * 2018-02-24     Bernard      change version number to v3.0.3
N * 2018-04-25     Bernard      change version number to v3.0.4
N * 2018-05-31     Bernard      change version number to v3.1.0
N * 2018-09-04     Bernard      change version number to v3.1.1
N * 2018-09-14     Bernard      apply Apache License v2.0 to RT-Thread Kernel
N * 2018-10-13     Bernard      change version number to v4.0.0
N * 2018-10-02     Bernard      add 64bit arch support
N * 2018-11-22     Jesven       add smp member to struct rt_thread
N *                             add struct rt_cpu
N *                             add smp relevant macros
N * 2019-01-27     Bernard      change version number to v4.0.1
N * 2019-05-17     Bernard      change version number to v4.0.2
N * 2019-12-20     Bernard      change version number to v4.0.3
N * 2020-08-10     Meco Man     add macro for struct rt_device_ops
N * 2020-10-23     Meco Man     define maximum value of ipc type
N * 2021-03-19     Meco Man     add security devices
N * 2021-05-10     armink       change version number to v4.0.4
N * 2021-11-19     Meco Man     change version number to v4.1.0
N * 2021-12-21     Meco Man     re-implement RT_UNUSED
N * 2022-01-01     Gabriel      improve hooking method
N * 2022-01-07     Gabriel      move some __on_rt_xxxxx_hook to dedicated c source files
N * 2022-01-12     Meco Man     remove RT_THREAD_BLOCK
N * 2022-04-20     Meco Man     change version number to v4.1.1
N * 2022-04-21     THEWON       add macro RT_VERSION_CHECK
N * 2022-06-29     Meco Man     add RT_USING_LIBC and standard libc headers
N * 2022-08-16     Meco Man     change version number to v5.0.0
N * 2022-09-12     Meco Man     define rt_ssize_t
N * 2022-12-20     Meco Man     add const name for rt_object
N * 2023-04-01     Chushicheng  change version number to v5.0.1
N * 2023-05-20     Bernard      add stdc atomic detection.
N * 2023-09-15     xqyjlj       perf rt_hw_interrupt_disable/enable
N * 2023-10-10     Chushicheng  change version number to v5.1.0
N * 2023-10-11     zmshahaha    move specific devices related and driver to components/drivers
N * 2023-11-21     Meco Man     add RT_USING_NANO macro
N * 2023-11-17     xqyjlj       add process group and session support
N * 2023-12-01     Shell        Support of dynamic device
N * 2023-12-18     xqyjlj       add rt_always_inline
N * 2023-12-22     Shell        Support hook list
N * 2024-01-18     Shell        Seperate basical types to a rttypes.h
N *                             Seperate the compiler portings to rtcompiler.h
N * 2024-03-30     Meco Man     update version number to v5.2.0
N */
N
N#ifndef __RT_DEF_H__
N#define __RT_DEF_H__
N
N#include "rtsched.h"
L 1 "..\RT-Thread\include\rtsched.h" 1
N/*
N * Copyright (c) 2023-2024, RT-Thread Development Team
N *
N * SPDX-License-Identifier: Apache-2.0
N *
N * Change Logs:
N * Date           Author       Notes
N * 2024-01-19     Shell        Separate scheduling statements from rt_thread_t
N *                             to rt_sched_thread_ctx. Add definitions of scheduler.
N */
N#ifndef __RT_SCHED_H__
N#define __RT_SCHED_H__
N
N#include "rttypes.h"
L 1 "..\RT-Thread\include\rttypes.h" 1
N/*
N * Copyright (c) 2006-2024, RT-Thread Development Team
N *
N * SPDX-License-Identifier: Apache-2.0
N *
N * Change Logs:
N * Date           Author       Notes
N * 2024-01-18     Shell        Separate the basic types from rtdef.h
N */
N
N#ifndef __RT_TYPES_H__
N#define __RT_TYPES_H__
N
N#include <rtconfig.h>
L 1 "..\User\config\rtconfig.h" 1
N#ifndef RT_CONFIG_H__
N#define RT_CONFIG_H__
N
N/***********************************************************
N * 
N *          最小内核配置: 纳米级内核
N * 多线程调度（支持优先级抢占）
N * 线程间同步：信号量、互斥锁
N * 线程间通信：邮箱、消息队列
N * 内存管理：小内存管理算法
N * 软件定时器
N * 
N ***********************************************************/
N#define RT_USING_NANO
N#define RT_CPUS_NR 1
N#define RT_NAME_MAX 8
N#define RT_ALIGN_SIZE 4
N#define RT_USING_OVERFLOW_CHECK             //栈溢出检查
N#define RT_TICK_PER_SECOND 1000             //1秒钟多少个tick
N#define RT_THREAD_PRIORITY_MAX 32           //任务优先级
N#define IDLE_THREAD_STACK_SIZE 256          //空闲线程栈
N#define RT_BACKTRACE_LEVEL_MAX_NR 32        //回溯信息最大层级. 定义函数调用栈回溯的最大层级数; 用于调试功能，如异常时的调用栈打印
N#define RT_USING_SEMAPHORE                  //信号量
N#define RT_USING_MUTEX                      //互斥锁
N#define RT_USING_MAILBOX                    //邮箱
N#define RT_USING_MESSAGEQUEUE               //消息队列
N/************************************************
N * mempool.c和memheap.c是两种不同的内存管理机制
N * 1. mempool.c: 内存池管理
N *  (1)特点: 固定大小内存块; 无内存碎片; 快速分配; 线程安全
N *  (2)数据结构: 内存池起始地址, 总大小, 每个内存块大小, 内存块链表, 总块数, 空闲块数
N *  (3)创建: rt_mp_init(start_addr, BLOCK_SIZE * BLOCK_COUNT, BLOCK_SIZE)
N *  (4)使用场景: 固定大小, 高频分配, 性能要求高
N * 2. memheap.c: 内存堆管理
N *  (1)特点: 可变大小分配; 多内存区域管理; 内存碎片处理; 通用性强
N *  (2)数据结构: 堆起始地址, 总大小, 可用大小, 空闲链表
N *  (3)使用场景: 变长大小, 灵活性好
N * 
N * 
N * 1. 小内存算法作为堆: rt_malloc() 使用小内存算法
N * #define RT_USING_HEAP                    // 启用堆框架
N * #define RT_USING_SMALL_MEM               // 启用小内存算法
N * #define RT_USING_SMALL_MEM_AS_HEAP       // 将小内存算法绑定到堆
N * 
N * 2. SLAB算法作为堆: rt_malloc() 使用SLAB算法
N * #define RT_USING_HEAP                    // 启用堆框架  
N * #define RT_USING_SLAB                    // 启用SLAB算法
N * #define RT_USING_SLAB_AS_HEAP            // 将SLAB算法绑定到堆
N * 
N * 3. 使用memheap算法作为堆
N * #define RT_USING_HEAP                    // 启用堆框架
N * #define RT_USING_MEMHEAP                 // 启用内存堆算法
N * 
N ************************************************/
N//#define RT_USING_MEMPOOL                  //RT_USING_MEMPOOL 是独立功能，与其他宏无关
N#define RT_USING_SMALL_MEM                 //启用小内存算法
N#define RT_USING_SMALL_MEM_AS_HEAP         //使用小内存管理算法管理堆
N#define RT_USING_HEAP                      //RT_USING_HEAP 是堆功能的开关，但需要具体算法支持
N
N#define RT_USING_TIMER_SOFT                 //软件定时器
N#define RT_TIMER_THREAD_PRIO 4              //定时器线程优先级
N#define RT_TIMER_THREAD_STACK_SIZE 256      //定时器线程栈大小
N
N#define RT_USING_DEVICE
N
N/***********************************************************
N * 
N *                  最小系统要求
N *  RT-Thread 的内核本身是独立的，只需要以下基本组件就能运行：
N *  内核核心 (src/) - 调度器、线程管理、IPC 等
N *  CPU 移植层 (libcpu/) - 上下文切换、中断处理等
N *  板级支持包 (bsp/) - 时钟配置、串口初始化等
N *  C 库适配 (components/libc/ 中的最小实现)
N * 
N ***********************************************************/
N
N
N /***********************************************************
N * 
N *                  从RT-Thread BSP - gd32-f407 DEMO查看依赖
N *  
N *  
N *  
N *  
N * 
N * 
N ***********************************************************/
N
N
N/***********************************************************
N * 
N *          RT-Thread 内核部分
N * 
N ***********************************************************/
N#if 0
S/* 表示内核对象的名称的最大长度，若代码中对象名称的最大长度大于宏定义的长度，
S * 多余的部分将被截掉。*/
S#define RT_NAME_MAX 8
S
S/* 字节对齐时设定对齐的字节个数。常使用 ALIGN(RT_ALIGN_SIZE) 进行字节对齐。*/
S#define RT_ALIGN_SIZE 4
S
S/* 定义系统线程优先级数；通常用 RT_THREAD_PRIORITY_MAX-1 定义空闲线程的优先级 */
S#define RT_THREAD_PRIORITY_MAX 32
S
S/* 定义时钟节拍，为 100 时表示 100 个 tick 每秒，一个 tick 为 10ms */
S#define RT_TICK_PER_SECOND 1000
S
S/* 检查栈是否溢出，未定义则关闭 */
S#define RT_USING_OVERFLOW_CHECK
S
S/* 定义该宏开启 debug 模式，未定义则关闭 */
S#define RT_DEBUG
S/* 开启 debug 模式时：该宏定义为 0 时表示关闭打印组件初始化信息，定义为 1 时表示启用 */
S#define RT_DEBUG_INIT 0
S/* 开启 debug 模式时：该宏定义为 0 时表示关闭打印线程切换信息，定义为 1 时表示启用 */
S#define RT_DEBUG_THREAD 0
S
S/* 定义该宏表示开启钩子函数的使用，未定义则关闭 */
S#define RT_USING_HOOK
S
S/* 定义了空闲线程的栈大小 */
S#define IDLE_THREAD_STACK_SIZE 256
N#endif
N
N/***********************************************************
N * 
N *          线程间同步与通信部分，该部分会使用到的对象有信号量、互斥量、事件、邮箱、消息队列、信号等。
N * 
N ***********************************************************/
N#if 0
S/* 定义该宏可开启信号量的使用，未定义则关闭 */
S#define RT_USING_SEMAPHORE
S
S/* 定义该宏可开启互斥量的使用，未定义则关闭 */
S#define RT_USING_MUTEX
S
S/* 定义该宏可开启事件集的使用，未定义则关闭 */
S#define RT_USING_EVENT
S
S/* 定义该宏可开启邮箱的使用，未定义则关闭 */
S#define RT_USING_MAILBOX
S
S/* 定义该宏可开启消息队列的使用，未定义则关闭 */
S#define RT_USING_MESSAGEQUEUE
S
S/* 定义该宏可开启信号的使用，未定义则关闭 */
S#define RT_USING_SIGNALS
N#endif
N
N/***********************************************************
N * 
N *          内存管理
N * 
N ***********************************************************/
N#if 0
S/* 开启静态内存池的使用 */
S#define RT_USING_MEMPOOL
S
S/* 定义该宏可开启两个或以上内存堆拼接的使用，未定义则关闭 */
S#define RT_USING_MEMHEAP
S
S/* 开启小内存管理算法 */
S#define RT_USING_SMALL_MEM
S
S/* 关闭 SLAB 内存管理算法 */
S//#define RT_USING_SLAB
S
S/* 开启堆的使用 */
S#define RT_USING_HEAP
N#endif
N
N
N/***********************************************************
N * 
N *                  内核设备对象
N * 
N ***********************************************************/
N#if 0
S/* 表示开启了系统设备的使用 */
S#define RT_USING_DEVICE
S
S/* 定义该宏可开启系统控制台设备的使用，未定义则关闭 */
S#define RT_USING_CONSOLE
S/* 定义控制台设备的缓冲区大小 */
S#define RT_CONSOLEBUF_SIZE 128
S/* 控制台设备的名称 */
S#define RT_CONSOLE_DEVICE_NAME "uart1"
N#endif
N
N/***********************************************************
N * 
N *                 自动初始化方式
N * 
N ***********************************************************/
N#if 0
S/* 定义该宏开启自动初始化机制，未定义则关闭 */
S#define RT_USING_COMPONENTS_INIT
S
S/* 定义该宏开启设置应用入口为 main 函数 */
S#define RT_USING_USER_MAIN
S/* 定义 main 线程的栈大小 */
S#define RT_MAIN_THREAD_STACK_SIZE 2048
N#endif
N
N
N/***********************************************************
N * 
N *                 FinSH 调试工具
N * 
N ***********************************************************/
N#if 0
S/* 定义该宏可开启系统 FinSH 调试工具的使用，未定义则关闭 */
S#define RT_USING_FINSH
S
S/* 开启系统 FinSH 时：将该线程名称定义为 tshell */
S#define FINSH_THREAD_NAME "tshell"
S
S/* 开启系统 FinSH 时：使用历史命令 */
S#define FINSH_USING_HISTORY
S/* 开启系统 FinSH 时：对历史命令行数的定义 */
S#define FINSH_HISTORY_LINES 5
S
S/* 开启系统 FinSH 时：定义该宏开启使用 Tab 键，未定义则关闭 */
S#define FINSH_USING_SYMTAB
S
S/* 开启系统 FinSH 时：定义该线程的优先级 */
S#define FINSH_THREAD_PRIORITY 20
S/* 开启系统 FinSH 时：定义该线程的栈大小 */
S#define FINSH_THREAD_STACK_SIZE 4096
S/* 开启系统 FinSH 时：定义命令字符长度 */
S#define FINSH_CMD_SIZE 80
S
S/* 开启系统 FinSH 时：定义该宏开启 MSH 功能 */
S#define FINSH_USING_MSH
S/* 开启系统 FinSH 时：开启 MSH 功能时，定义该宏默认使用 MSH 功能 */
S#define FINSH_USING_MSH_DEFAULT
S/* 开启系统 FinSH 时：定义该宏，仅使用 MSH 功能 */
S#define FINSH_USING_MSH_ONLY
N#endif
N/***********************************************************
N * 
N *                 关于MCU
N * 
N ***********************************************************/
N/* 定义该工程使用的 MCU 为 GD32F407RE；系统通过对芯片类型的定义，来定义芯片的管脚 */
N#define GD32F407RE
N
N/* 定义时钟源频率 */
N#define RT_HSE_VALUE 72000000
N
N/* 定义该宏开启 UART1 的使用 */
N#define RT_USING_UART1
N#endif
L 15 "..\RT-Thread\include\rttypes.h" 2
N
N#include <stdint.h>
L 1 "C:\Keil_v5\ARM\ARMCC\Bin\..\include\stdint.h" 1
N/* Copyright (C) ARM Ltd., 1999,2014 */
N/* All rights reserved */
N
N/*
N * RCS $Revision$
N * Checkin $Date$
N * Revising $Author: agrant $
N */
N
N#ifndef __stdint_h
N#define __stdint_h
N#define __ARMCLIB_VERSION 5060044
N
N  #ifdef __INT64_TYPE__
S    /* armclang predefines '__INT64_TYPE__' and '__INT64_C_SUFFIX__' */
S    #define __INT64 __INT64_TYPE__
N  #else
N    /* armcc has builtin '__int64' which can be used in --strict mode */
N    #define __INT64 __int64
N    #define __INT64_C_SUFFIX__ ll
N  #endif
N  #define __PASTE2(x, y) x ## y
N  #define __PASTE(x, y) __PASTE2(x, y)
N  #define __INT64_C(x)  __ESCAPE__(__PASTE(x, __INT64_C_SUFFIX__))
N  #define __UINT64_C(x)  __ESCAPE__(__PASTE(x ## u, __INT64_C_SUFFIX__))
N  #if defined(__clang__) || (defined(__ARMCC_VERSION) && !defined(__STRICT_ANSI__))
X  #if 0L || (1L && !0L)
N    /* armclang and non-strict armcc allow 'long long' in system headers */
N    #define __LONGLONG long long
N  #else
S    /* strict armcc has '__int64' */
S    #define __LONGLONG __int64
N  #endif
N
N  #ifndef __STDINT_DECLS
N  #define __STDINT_DECLS
N
N    #undef __CLIBNS
N
N    #ifdef __cplusplus
S      namespace std {
S          #define __CLIBNS std::
S          extern "C" {
N    #else
N      #define __CLIBNS
N    #endif  /* __cplusplus */
N
N
N/*
N * 'signed' is redundant below, except for 'signed char' and if
N * the typedef is used to declare a bitfield.
N */
N
N    /* 7.18.1.1 */
N
N    /* exact-width signed integer types */
Ntypedef   signed          char int8_t;
Ntypedef   signed short     int int16_t;
Ntypedef   signed           int int32_t;
Ntypedef   signed       __INT64 int64_t;
Xtypedef   signed       __int64 int64_t;
N
N    /* exact-width unsigned integer types */
Ntypedef unsigned          char uint8_t;
Ntypedef unsigned short     int uint16_t;
Ntypedef unsigned           int uint32_t;
Ntypedef unsigned       __INT64 uint64_t;
Xtypedef unsigned       __int64 uint64_t;
N
N    /* 7.18.1.2 */
N
N    /* smallest type of at least n bits */
N    /* minimum-width signed integer types */
Ntypedef   signed          char int_least8_t;
Ntypedef   signed short     int int_least16_t;
Ntypedef   signed           int int_least32_t;
Ntypedef   signed       __INT64 int_least64_t;
Xtypedef   signed       __int64 int_least64_t;
N
N    /* minimum-width unsigned integer types */
Ntypedef unsigned          char uint_least8_t;
Ntypedef unsigned short     int uint_least16_t;
Ntypedef unsigned           int uint_least32_t;
Ntypedef unsigned       __INT64 uint_least64_t;
Xtypedef unsigned       __int64 uint_least64_t;
N
N    /* 7.18.1.3 */
N
N    /* fastest minimum-width signed integer types */
Ntypedef   signed           int int_fast8_t;
Ntypedef   signed           int int_fast16_t;
Ntypedef   signed           int int_fast32_t;
Ntypedef   signed       __INT64 int_fast64_t;
Xtypedef   signed       __int64 int_fast64_t;
N
N    /* fastest minimum-width unsigned integer types */
Ntypedef unsigned           int uint_fast8_t;
Ntypedef unsigned           int uint_fast16_t;
Ntypedef unsigned           int uint_fast32_t;
Ntypedef unsigned       __INT64 uint_fast64_t;
Xtypedef unsigned       __int64 uint_fast64_t;
N
N    /* 7.18.1.4 integer types capable of holding object pointers */
N#if __sizeof_ptr == 8
X#if 4 == 8
Stypedef   signed       __INT64 intptr_t;
Stypedef unsigned       __INT64 uintptr_t;
N#else
Ntypedef   signed           int intptr_t;
Ntypedef unsigned           int uintptr_t;
N#endif
N
N    /* 7.18.1.5 greatest-width integer types */
Ntypedef   signed     __LONGLONG intmax_t;
Xtypedef   signed     long long intmax_t;
Ntypedef unsigned     __LONGLONG uintmax_t;
Xtypedef unsigned     long long uintmax_t;
N
N
N#if !defined(__cplusplus) || defined(__STDC_LIMIT_MACROS)
X#if !0L || 0L
N
N    /* 7.18.2.1 */
N
N    /* minimum values of exact-width signed integer types */
N#define INT8_MIN                   -128
N#define INT16_MIN                -32768
N#define INT32_MIN          (~0x7fffffff)   /* -2147483648 is unsigned */
N#define INT64_MIN  __INT64_C(~0x7fffffffffffffff) /* -9223372036854775808 is unsigned */
N
N    /* maximum values of exact-width signed integer types */
N#define INT8_MAX                    127
N#define INT16_MAX                 32767
N#define INT32_MAX            2147483647
N#define INT64_MAX  __INT64_C(9223372036854775807)
N
N    /* maximum values of exact-width unsigned integer types */
N#define UINT8_MAX                   255
N#define UINT16_MAX                65535
N#define UINT32_MAX           4294967295u
N#define UINT64_MAX __UINT64_C(18446744073709551615)
N
N    /* 7.18.2.2 */
N
N    /* minimum values of minimum-width signed integer types */
N#define INT_LEAST8_MIN                   -128
N#define INT_LEAST16_MIN                -32768
N#define INT_LEAST32_MIN          (~0x7fffffff)
N#define INT_LEAST64_MIN  __INT64_C(~0x7fffffffffffffff)
N
N    /* maximum values of minimum-width signed integer types */
N#define INT_LEAST8_MAX                    127
N#define INT_LEAST16_MAX                 32767
N#define INT_LEAST32_MAX            2147483647
N#define INT_LEAST64_MAX  __INT64_C(9223372036854775807)
N
N    /* maximum values of minimum-width unsigned integer types */
N#define UINT_LEAST8_MAX                   255
N#define UINT_LEAST16_MAX                65535
N#define UINT_LEAST32_MAX           4294967295u
N#define UINT_LEAST64_MAX __UINT64_C(18446744073709551615)
N
N    /* 7.18.2.3 */
N
N    /* minimum values of fastest minimum-width signed integer types */
N#define INT_FAST8_MIN           (~0x7fffffff)
N#define INT_FAST16_MIN          (~0x7fffffff)
N#define INT_FAST32_MIN          (~0x7fffffff)
N#define INT_FAST64_MIN  __INT64_C(~0x7fffffffffffffff)
N
N    /* maximum values of fastest minimum-width signed integer types */
N#define INT_FAST8_MAX             2147483647
N#define INT_FAST16_MAX            2147483647
N#define INT_FAST32_MAX            2147483647
N#define INT_FAST64_MAX  __INT64_C(9223372036854775807)
N
N    /* maximum values of fastest minimum-width unsigned integer types */
N#define UINT_FAST8_MAX            4294967295u
N#define UINT_FAST16_MAX           4294967295u
N#define UINT_FAST32_MAX           4294967295u
N#define UINT_FAST64_MAX __UINT64_C(18446744073709551615)
N
N    /* 7.18.2.4 */
N
N    /* minimum value of pointer-holding signed integer type */
N#if __sizeof_ptr == 8
X#if 4 == 8
S#define INTPTR_MIN INT64_MIN
N#else
N#define INTPTR_MIN INT32_MIN
N#endif
N
N    /* maximum value of pointer-holding signed integer type */
N#if __sizeof_ptr == 8
X#if 4 == 8
S#define INTPTR_MAX INT64_MAX
N#else
N#define INTPTR_MAX INT32_MAX
N#endif
N
N    /* maximum value of pointer-holding unsigned integer type */
N#if __sizeof_ptr == 8
X#if 4 == 8
S#define UINTPTR_MAX UINT64_MAX
N#else
N#define UINTPTR_MAX UINT32_MAX
N#endif
N
N    /* 7.18.2.5 */
N
N    /* minimum value of greatest-width signed integer type */
N#define INTMAX_MIN  __ESCAPE__(~0x7fffffffffffffffll)
N
N    /* maximum value of greatest-width signed integer type */
N#define INTMAX_MAX  __ESCAPE__(9223372036854775807ll)
N
N    /* maximum value of greatest-width unsigned integer type */
N#define UINTMAX_MAX __ESCAPE__(18446744073709551615ull)
N
N    /* 7.18.3 */
N
N    /* limits of ptrdiff_t */
N#if __sizeof_ptr == 8
X#if 4 == 8
S#define PTRDIFF_MIN INT64_MIN
S#define PTRDIFF_MAX INT64_MAX
N#else
N#define PTRDIFF_MIN INT32_MIN
N#define PTRDIFF_MAX INT32_MAX
N#endif
N
N    /* limits of sig_atomic_t */
N#define SIG_ATOMIC_MIN (~0x7fffffff)
N#define SIG_ATOMIC_MAX   2147483647
N
N    /* limit of size_t */
N#if __sizeof_ptr == 8
X#if 4 == 8
S#define SIZE_MAX UINT64_MAX
N#else
N#define SIZE_MAX UINT32_MAX
N#endif
N
N    /* limits of wchar_t */
N    /* NB we have to undef and redef because they're defined in both
N     * stdint.h and wchar.h */
N#undef WCHAR_MIN
N#undef WCHAR_MAX
N
N#if defined(__WCHAR32) || (defined(__ARM_SIZEOF_WCHAR_T) && __ARM_SIZEOF_WCHAR_T == 4)
X#if 0L || (0L && __ARM_SIZEOF_WCHAR_T == 4)
S  #define WCHAR_MIN   0
S  #define WCHAR_MAX   0xffffffffU
N#else
N  #define WCHAR_MIN   0
N  #define WCHAR_MAX   65535
N#endif
N
N    /* limits of wint_t */
N#define WINT_MIN (~0x7fffffff)
N#define WINT_MAX 2147483647
N
N#endif /* __STDC_LIMIT_MACROS */
N
N#if !defined(__cplusplus) || defined(__STDC_CONSTANT_MACROS)
X#if !0L || 0L
N
N    /* 7.18.4.1 macros for minimum-width integer constants */
N#define INT8_C(x)   (x)
N#define INT16_C(x)  (x)
N#define INT32_C(x)  (x)
N#define INT64_C(x)  __INT64_C(x)
N
N#define UINT8_C(x)  (x ## u)
N#define UINT16_C(x) (x ## u)
N#define UINT32_C(x) (x ## u)
N#define UINT64_C(x) __UINT64_C(x)
N
N    /* 7.18.4.2 macros for greatest-width integer constants */
N#define INTMAX_C(x)  __ESCAPE__(x ## ll)
N#define UINTMAX_C(x) __ESCAPE__(x ## ull)
N
N#endif /* __STDC_CONSTANT_MACROS */
N
N    #ifdef __cplusplus
S         }  /* extern "C" */
S      }  /* namespace std */
N    #endif /* __cplusplus */
N  #endif /* __STDINT_DECLS */
N
N  #ifdef __cplusplus
S    #ifndef __STDINT_NO_EXPORTS
S      using ::std::int8_t;
S      using ::std::int16_t;
S      using ::std::int32_t;
S      using ::std::int64_t;
S      using ::std::uint8_t;
S      using ::std::uint16_t;
S      using ::std::uint32_t;
S      using ::std::uint64_t;
S      using ::std::int_least8_t;
S      using ::std::int_least16_t;
S      using ::std::int_least32_t;
S      using ::std::int_least64_t;
S      using ::std::uint_least8_t;
S      using ::std::uint_least16_t;
S      using ::std::uint_least32_t;
S      using ::std::uint_least64_t;
S      using ::std::int_fast8_t;
S      using ::std::int_fast16_t;
S      using ::std::int_fast32_t;
S      using ::std::int_fast64_t;
S      using ::std::uint_fast8_t;
S      using ::std::uint_fast16_t;
S      using ::std::uint_fast32_t;
S      using ::std::uint_fast64_t;
S      using ::std::intptr_t;
S      using ::std::uintptr_t;
S      using ::std::intmax_t;
S      using ::std::uintmax_t;
S    #endif
N  #endif /* __cplusplus */
N
N#undef __INT64
N#undef __LONGLONG
N
N#endif /* __stdint_h */
N
N/* end of stdint.h */
L 17 "..\RT-Thread\include\rttypes.h" 2
N#include <stddef.h>
L 1 "C:\Keil_v5\ARM\ARMCC\Bin\..\include\stddef.h" 1
N/* stddef.h: ANSI 'C' (X3J11 Oct 88) library header, section 4.1.4 */
N
N/* Copyright (C) ARM Ltd., 1999
N * All rights reserved
N * RCS $Revision$
N * Checkin $Date$
N * Revising $Author: agrant $
N */
N
N/* Copyright (C) Codemist Ltd., 1988                            */
N/* Copyright 1991 ARM Limited. All rights reserved.             */
N/* version 0.05 */
N
N/*
N * The following types and macros are defined in several headers referred to in
N * the descriptions of the functions declared in that header. They are also
N * defined in this header file.
N */
N
N#ifndef __stddef_h
N#define __stddef_h
N#define __ARMCLIB_VERSION 5060044
N
N  #ifndef __STDDEF_DECLS
N  #define __STDDEF_DECLS
N    #undef __CLIBNS
N    #ifdef __cplusplus
S        namespace std {
S        #define __CLIBNS ::std::
S        extern "C" {
N    #else
N      #define __CLIBNS
N    #endif  /* __cplusplus */
N
N#if __sizeof_ptr == 8
X#if 4 == 8
S  typedef signed long ptrdiff_t;
N#else
N  typedef signed int ptrdiff_t;
N#endif
N
N#if defined(__cplusplus) || !defined(__STRICT_ANSI__)
X#if 0L || !0L
N /* unconditional in C++ and non-strict C for consistency of debug info */
N  #if __sizeof_ptr == 8
X  #if 4 == 8
S    typedef unsigned long size_t;   /* see <stddef.h> */
N  #else
N    typedef unsigned int size_t;   /* see <stddef.h> */
N  #endif
N#elif !defined(__size_t)
S  #define __size_t 1
S  #if __sizeof_ptr == 8
S    typedef unsigned long size_t;   /* see <stddef.h> */
S  #else
S    typedef unsigned int size_t;   /* see <stddef.h> */
S  #endif
S   /* the unsigned integral type of the result of the sizeof operator. */
N#endif
N
N#ifndef __cplusplus  /* wchar_t is a builtin type for C++ */
N  #if !defined(__STRICT_ANSI__)
X  #if !0L
N  /* unconditional in non-strict C for consistency of debug info */
N    #if defined(__WCHAR32) || (defined(__ARM_SIZEOF_WCHAR_T) && __ARM_SIZEOF_WCHAR_T == 4)
X    #if 0L || (0L && __ARM_SIZEOF_WCHAR_T == 4)
S      typedef unsigned int wchar_t; /* also in <stdlib.h> and <inttypes.h> */
N    #else
N      typedef unsigned short wchar_t; /* also in <stdlib.h> and <inttypes.h> */
N    #endif
N  #elif !defined(__wchar_t)
S    #define __wchar_t 1
S    #if defined(__WCHAR32) || (defined(__ARM_SIZEOF_WCHAR_T) && __ARM_SIZEOF_WCHAR_T == 4)
S      typedef unsigned int wchar_t; /* also in <stdlib.h> and <inttypes.h> */
S    #else
S      typedef unsigned short wchar_t; /* also in <stdlib.h> and <inttypes.h> */
S    #endif
S   /*
S    * An integral type whose range of values can represent distinct codes for
S    * all members of the largest extended character set specified among the
S    * supported locales; the null character shall have the code value zero and
S    * each member of the basic character set shall have a code value when used
S    * as the lone character in an integer character constant.
S    */
N  #endif
N#endif
N
N#undef NULL  /* others (e.g. <stdio.h>) also define */
N#define NULL 0
N   /* null pointer constant. */
N
N#ifdef __clang__
S  #define offsetof(t, d) __builtin_offsetof(t, d)
N#else
N  /* EDG uses __INTADDR__ to avoid errors when strict */
N  #define offsetof(t, memb) ((__CLIBNS size_t)__INTADDR__(&(((t *)0)->memb)))
N#endif
N
N#if !defined(__STRICT_ANSI__) || (defined(__STDC_VERSION__) && 201112L <= __STDC_VERSION__) || (defined(__cplusplus) && 201103L <= __cplusplus)
X#if !0L || (1L && 201112L <= 199901L) || (0L && 201103L <= __cplusplus)
N  typedef long double max_align_t;
N#endif
N
N    #ifdef __cplusplus
S         }  /* extern "C" */
S      }  /* namespace std */
N    #endif /* __cplusplus */
N  #endif /* __STDDEF_DECLS */
N
N
N  #ifdef __cplusplus
S    #ifndef __STDDEF_NO_EXPORTS
S      using ::std::size_t;
S      using ::std::ptrdiff_t;
S      #if !defined(__STRICT_ANSI__) || (defined(__cplusplus) && 201103L <= __cplusplus)
S        using ::std::max_align_t;
S      #endif
S    #endif 
N  #endif /* __cplusplus */
N
N#endif
N
N/* end of stddef.h */
N
L 18 "..\RT-Thread\include\rttypes.h" 2
N#include <stdarg.h>
L 1 "C:\Keil_v5\ARM\ARMCC\Bin\..\include\stdarg.h" 1
N/* stdarg.h: ANSI 'C' (X3J11 Oct 88) library header, section 4.8 */
N/* Copyright (C) Codemist Ltd., 1988                            */
N/* Copyright (C) ARM Ltd., 1991-1999. All rights reserved */
N
N/*
N * RCS $Revision$
N * Checkin $Date$
N * Revising $Author: agrant $
N */
N
N#ifndef __stdarg_h
N#define __stdarg_h
N#define __ARMCLIB_VERSION 5060044
N
N  #ifndef __STDARG_DECLS
N  #define __STDARG_DECLS
N
N    #undef __CLIBNS
N
N    #ifdef __cplusplus
S      namespace std {
S          #define __CLIBNS ::std::
S          extern "C" {
N    #else
N      #define __CLIBNS
N    #endif  /* __cplusplus */
N
N/*
N * stdarg.h declares a type and defines macros for advancing through a
N * list of arguments whose number and types are not known to the called
N * function when it is translated. A function may be called with a variable
N * number of arguments of differing types. Its parameter list contains one or
N * more parameters. The rightmost parameter plays a special role in the access
N * mechanism, and will be called parmN in this description.
N */
N
N/* N.B. <stdio.h> is required to declare vfprintf() without defining      */
N/* va_list.  Clearly the type __va_list there must keep in step.          */
N#ifdef __clang__
S  typedef __builtin_va_list va_list;
S  #define va_start(ap, param) __builtin_va_start(ap, param)
S  #define va_end(ap)          __builtin_va_end(ap)
S  #define va_arg(ap, type)    __builtin_va_arg(ap, type)
S  #if __STDC_VERSION__ >= 199900L || __cplusplus >= 201103L || !defined(__STRICT_ANSI__)
S  #define va_copy(dest, src)  __builtin_va_copy(dest, src)
S  #endif
N#else
N  #ifdef __TARGET_ARCH_AARCH64
S    typedef struct __va_list {
S      void *__stack;
S      void *__gr_top;
S      void *__vr_top;
S      int __gr_offs;
S      int __vr_offs;
S    } va_list;
N  #else
N    typedef struct __va_list { void *__ap; } va_list;
N  #endif
N   /*
N    * an array type suitable for holding information needed by the macro va_arg
N    * and the function va_end. The called function shall declare a variable
N    * (referred to as ap) having type va_list. The variable ap may be passed as
N    * an argument to another function.
N    * Note: va_list is an array type so that when an object of that type
N    * is passed as an argument it gets passed by reference.
N    */
N  #define va_start(ap, parmN) __va_start(ap, parmN)
N
N   /*
N    * The va_start macro shall be executed before any access to the unnamed
N    * arguments. The parameter ap points to an object that has type va_list.
N    * The va_start macro initialises ap for subsequent use by va_arg and
N    * va_end. The parameter parmN is the identifier of the rightmost parameter
N    * in the variable parameter list in the function definition (the one just
N    * before the '...'). If the parameter parmN is declared with the register
N    * storage class an error is given.
N    * If parmN is a narrow type (char, short, float) an error is given in
N    * strict ANSI mode, or a warning otherwise.
N    * Returns: no value.
N    */
N  #define va_arg(ap, type) __va_arg(ap, type)
N
N   /*
N    * The va_arg macro expands to an expression that has the type and value of
N    * the next argument in the call. The parameter ap shall be the same as the
N    * va_list ap initialised by va_start. Each invocation of va_arg modifies
N    * ap so that successive arguments are returned in turn. The parameter
N    * 'type' is a type name such that the type of a pointer to an object that
N    * has the specified type can be obtained simply by postfixing a * to
N    * 'type'. If type is a narrow type, an error is given in strict ANSI
N    * mode, or a warning otherwise. If the type is an array or function type,
N    * an error is given.
N    * In non-strict ANSI mode, 'type' is allowed to be any expression.
N    * Returns: The first invocation of the va_arg macro after that of the
N    *          va_start macro returns the value of the argument after that
N    *          specified by parmN. Successive invocations return the values of
N    *          the remaining arguments in succession.
N    *          The result is cast to 'type', even if 'type' is narrow.
N    */
N
N#define __va_copy(dest, src) ((void)((dest) = (src)))
N
N#if !defined(__STRICT_ANSI__) || (defined(__STDC_VERSION__) && 199901L <= __STDC_VERSION__) || (defined(__cplusplus) && 201103L <= __cplusplus)
X#if !0L || (1L && 199901L <= 199901L) || (0L && 201103L <= __cplusplus)
N   /* va_copy is in C99 and non-strict C90 and non-strict C++
N    * __va_copy is always present.
N    */
N  #define va_copy(dest, src) ((void)((dest) = (src)))
N
N   /* The va_copy macro makes the va_list dest be a copy of
N    * the va_list src, as if the va_start macro had been applied
N    * to it followed by the same sequence of uses of the va_arg
N    * macro as had previously been used to reach the present state
N    * of src.
N    */
N#endif
N
N#define va_end(ap) __va_end(ap)
N   /*
N    * The va_end macro facilitates a normal return from the function whose
N    * variable argument list was referenced by the expansion of va_start that
N    * initialised the va_list ap. If the va_end macro is not invoked before
N    * the return, the behaviour is undefined.
N    * Returns: no value.
N    */
N#endif /* __clang__ */
N
N    #ifdef __cplusplus
S         }  /* extern "C" */
S      }  /* namespace std */
N    #endif /* __cplusplus */
N
N    #ifdef __GNUC__
S     /* be cooperative with glibc */
S     typedef __CLIBNS va_list __gnuc_va_list;
S     #define __GNUC_VA_LIST
S     #undef __need___va_list
N    #endif
N
N  #endif /* __STDARG_DECLS */
N
N  #ifdef __cplusplus
S    #ifndef __STDARG_NO_EXPORTS
S      using ::std::va_list;
S    #endif
N  #endif /* __cplusplus */
N#endif
N
N/* end of stdarg.h */
N
L 19 "..\RT-Thread\include\rttypes.h" 2
N#ifndef RT_USING_NANO
S#include <sys/types.h>
S#include <sys/errno.h>
S#if defined(RT_USING_SIGNALS) || defined(RT_USING_SMART)
S#include <sys/signal.h>
S#endif /* defined(RT_USING_SIGNALS) || defined(RT_USING_SMART) */
N#endif /* RT_USING_NANO */
N
N#ifdef __cplusplus
Sextern "C" {
N#endif
N
N/**
N * RT-Thread basic data types definition
N */
N
N#if defined(_WIN64) || defined(__x86_64__)
X#if 0L || 0L
S#ifndef ARCH_CPU_64BIT
S#define ARCH_CPU_64BIT
S#endif // ARCH_CPU_64BIT
N#endif // defined(_WIN64) || defined(__x86_64__)
N
Ntypedef int                             rt_bool_t;      /**< boolean type */
N
N#ifndef RT_USING_ARCH_DATA_TYPE
N#ifdef RT_USING_LIBC
Stypedef int8_t                          rt_int8_t;      /**<  8bit integer type */
Stypedef int16_t                         rt_int16_t;     /**< 16bit integer type */
Stypedef int32_t                         rt_int32_t;     /**< 32bit integer type */
Stypedef uint8_t                         rt_uint8_t;     /**<  8bit unsigned integer type */
Stypedef uint16_t                        rt_uint16_t;    /**< 16bit unsigned integer type */
Stypedef uint32_t                        rt_uint32_t;    /**< 32bit unsigned integer type */
Stypedef int64_t                         rt_int64_t;     /**< 64bit integer type */
Stypedef uint64_t                        rt_uint64_t;    /**< 64bit unsigned integer type */
N#else
Ntypedef signed   char                   rt_int8_t;      /**<  8bit integer type */
Ntypedef signed   short                  rt_int16_t;     /**< 16bit integer type */
Ntypedef signed   int                    rt_int32_t;     /**< 32bit integer type */
Ntypedef unsigned char                   rt_uint8_t;     /**<  8bit unsigned integer type */
Ntypedef unsigned short                  rt_uint16_t;    /**< 16bit unsigned integer type */
Ntypedef unsigned int                    rt_uint32_t;    /**< 32bit unsigned integer type */
N#ifdef ARCH_CPU_64BIT
Stypedef signed long                     rt_int64_t;     /**< 64bit integer type */
Stypedef unsigned long                   rt_uint64_t;    /**< 64bit unsigned integer type */
N#else
Ntypedef signed long long                rt_int64_t;     /**< 64bit integer type */
Ntypedef unsigned long long              rt_uint64_t;    /**< 64bit unsigned integer type */
N#endif /* ARCH_CPU_64BIT */
N#endif /* RT_USING_LIBC */
N#endif /* RT_USING_ARCH_DATA_TYPE */
N
N#ifdef ARCH_CPU_64BIT
Stypedef rt_int64_t                      rt_base_t;      /**< Nbit CPU related data type */
Stypedef rt_uint64_t                     rt_ubase_t;     /**< Nbit unsigned CPU related data type */
N#else
Ntypedef rt_int32_t                      rt_base_t;      /**< Nbit CPU related data type */
Ntypedef rt_uint32_t                     rt_ubase_t;     /**< Nbit unsigned CPU related data type */
N#endif
N
N#if defined(RT_USING_LIBC) && !defined(RT_USING_NANO)
X#if 0L && !1L
Stypedef size_t                          rt_size_t;      /**< Type for size number */
Stypedef ssize_t                         rt_ssize_t;     /**< Used for a count of bytes or an error indication */
Stypedef intptr_t                        rt_intptr_t;    /**< Type for signed pointer length integer */
Stypedef uintptr_t                       rt_uintptr_t;   /**< Type for unsigned pointer length integer */
N#else
Ntypedef rt_ubase_t                      rt_size_t;      /**< Type for size number */
Ntypedef rt_base_t                       rt_ssize_t;     /**< Used for a count of bytes or an error indication */
Ntypedef rt_base_t                      rt_intptr_t;    /**< Type for signed pointer length integer */
Ntypedef rt_ubase_t                       rt_uintptr_t;   /**< Type for unsigned pointer length integer */
N#endif /* defined(RT_USING_LIBC) && !defined(RT_USING_NANO) */
N
Ntypedef rt_base_t                       rt_err_t;       /**< Type for error number */
Ntypedef rt_uint32_t                     rt_time_t;      /**< Type for time stamp */
Ntypedef rt_uint32_t                     rt_tick_t;      /**< Type for tick count */
Ntypedef rt_base_t                       rt_flag_t;      /**< Type for flags */
Ntypedef rt_ubase_t                      rt_dev_t;       /**< Type for device */
Ntypedef rt_base_t                       rt_off_t;       /**< Type for offset */
N
N#if defined(RT_USING_STDC_ATOMIC) && __STDC_VERSION__ < 201112L
X#if 0L && 199901L < 201112L
S#undef RT_USING_STDC_ATOMIC
S#warning Not using C11 or beyond! Maybe you should change the -std option on your compiler
N#endif
N
N#ifdef __cplusplus
S    typedef rt_base_t rt_atomic_t;
N#else
N    #if defined(RT_USING_STDC_ATOMIC)
X    #if 0L
S        #include <stdatomic.h>
S        typedef _Atomic(rt_base_t) rt_atomic_t;
S    #elif defined(RT_USING_HW_ATOMIC)
X    #elif 0L
S        typedef rt_base_t rt_atomic_t;
N    #else
N        typedef rt_base_t rt_atomic_t;
N    #endif /* RT_USING_STDC_ATOMIC */
N#endif /* __cplusplus */
N
N/* boolean type definitions */
N#define RT_TRUE                         1               /**< boolean true  */
N#define RT_FALSE                        0               /**< boolean fails */
N
N/* null pointer definition */
N#define RT_NULL                         0
N
N/**
N * Double List structure
N */
Nstruct rt_list_node
N{
N    struct rt_list_node *next;                          /**< point to next node. */
N    struct rt_list_node *prev;                          /**< point to prev node. */
N};
Ntypedef struct rt_list_node rt_list_t;                  /**< Type for lists. */
N
N/**
N * Single List structure
N */
Nstruct rt_slist_node
N{
N    struct rt_slist_node *next;                         /**< point to next node. */
N};
Ntypedef struct rt_slist_node rt_slist_t;                /**< Type for single list. */
N
N/**
N * Lock-less Single List structure
N */
Nstruct rt_lockless_slist_node
N{
N    rt_atomic_t next;                                   /**< point to next node. */
N};
Ntypedef struct rt_lockless_slist_node rt_ll_slist_t;    /**< Type for lock-les single list. */
N
N/**
N * Spinlock
N */
N#ifdef RT_USING_SMP
S#include <cpuport.h> /* for spinlock from arch */
S
Sstruct rt_spinlock
S{
S    rt_hw_spinlock_t lock;
S#ifdef RT_USING_DEBUG
S    rt_uint32_t critical_level;
S#endif /* RT_USING_DEBUG */
S#if defined(RT_DEBUGING_SPINLOCK)
S    void *owner;
S    void *pc;
S#endif /* RT_DEBUGING_SPINLOCK */
S};
S
S#ifndef RT_SPINLOCK_INIT
S#define RT_SPINLOCK_INIT {{0}} /* can be overridden by cpuport.h */
S#endif /* RT_SPINLOCK_INIT */
S
N#else /* !RT_USING_SMP */
N
Nstruct rt_spinlock
N{
N#ifdef RT_USING_DEBUG
S    rt_uint32_t critical_level;
N#endif /* RT_USING_DEBUG */
N    rt_ubase_t lock;
N};
N#define RT_SPINLOCK_INIT {0}
N#endif /* RT_USING_SMP */
N#if defined(RT_DEBUGING_SPINLOCK) && defined(RT_USING_SMP)
X#if 0L && 0L
S
S    #define __OWNER_MAGIC ((void *)0xdeadbeaf)
S
S    #if defined(__GNUC__)
S    #define __GET_RETURN_ADDRESS __builtin_return_address(0)
S    #else /* !__GNUC__ */
S    #define __GET_RETURN_ADDRESS RT_NULL
S    #endif /* __GNUC__ */
S
S    #define _SPIN_LOCK_DEBUG_OWNER(lock)                  \
S        do                                                \
S        {                                                 \
S            struct rt_thread *_curthr = rt_thread_self(); \
S            if (_curthr != RT_NULL)                       \
S            {                                             \
S                (lock)->owner = _curthr;                  \
S                (lock)->pc = __GET_RETURN_ADDRESS;        \
S            }                                             \
S        } while (0)
X    #define _SPIN_LOCK_DEBUG_OWNER(lock)                          do                                                        {                                                             struct rt_thread *_curthr = rt_thread_self();             if (_curthr != RT_NULL)                                   {                                                             (lock)->owner = _curthr;                                  (lock)->pc = __GET_RETURN_ADDRESS;                    }                                                     } while (0)
S
S    #define _SPIN_UNLOCK_DEBUG_OWNER(lock) \
S        do                                 \
S        {                                  \
S            (lock)->owner = __OWNER_MAGIC; \
S            (lock)->pc = RT_NULL;          \
S        } while (0)
X    #define _SPIN_UNLOCK_DEBUG_OWNER(lock)         do                                         {                                              (lock)->owner = __OWNER_MAGIC;             (lock)->pc = RT_NULL;                  } while (0)
S
N#else /* !RT_DEBUGING_SPINLOCK */
N
N    #define _SPIN_LOCK_DEBUG_OWNER(lock)    RT_UNUSED(lock)
N    #define _SPIN_UNLOCK_DEBUG_OWNER(lock)  RT_UNUSED(lock)
N#endif /* RT_DEBUGING_SPINLOCK */
N
N#ifdef RT_DEBUGING_CRITICAL
S    #define _SPIN_LOCK_DEBUG_CRITICAL(lock)               \
S        do                                                \
S        {                                                 \
S            (lock)->critical_level = rt_critical_level(); \
S        } while (0)
X    #define _SPIN_LOCK_DEBUG_CRITICAL(lock)                       do                                                        {                                                             (lock)->critical_level = rt_critical_level();         } while (0)
S
S    #define _SPIN_UNLOCK_DEBUG_CRITICAL(lock, critical) \
S        do                                              \
S        {                                               \
S            (critical) = (lock)->critical_level;        \
S        } while (0)
X    #define _SPIN_UNLOCK_DEBUG_CRITICAL(lock, critical)         do                                                      {                                                           (critical) = (lock)->critical_level;                } while (0)
S
N#else /* !RT_DEBUGING_CRITICAL */
N    #define _SPIN_LOCK_DEBUG_CRITICAL(lock)             RT_UNUSED(lock)
N    #define _SPIN_UNLOCK_DEBUG_CRITICAL(lock, critical) do {critical = 0; RT_UNUSED(lock);} while (0)
N
N#endif /* RT_DEBUGING_CRITICAL */
N
N#define RT_SPIN_LOCK_DEBUG(lock)         \
N    do                                   \
N    {                                    \
N        _SPIN_LOCK_DEBUG_OWNER(lock);    \
N        _SPIN_LOCK_DEBUG_CRITICAL(lock); \
N    } while (0)
X#define RT_SPIN_LOCK_DEBUG(lock)             do                                       {                                            _SPIN_LOCK_DEBUG_OWNER(lock);            _SPIN_LOCK_DEBUG_CRITICAL(lock);     } while (0)
N
N#define RT_SPIN_UNLOCK_DEBUG(lock, critical)         \
N    do                                               \
N    {                                                \
N        _SPIN_UNLOCK_DEBUG_OWNER(lock);              \
N        _SPIN_UNLOCK_DEBUG_CRITICAL(lock, critical); \
N    } while (0)
X#define RT_SPIN_UNLOCK_DEBUG(lock, critical)             do                                                   {                                                        _SPIN_UNLOCK_DEBUG_OWNER(lock);                      _SPIN_UNLOCK_DEBUG_CRITICAL(lock, critical);     } while (0)
N
Ntypedef struct rt_spinlock rt_spinlock_t;
N
N#define RT_DEFINE_SPINLOCK(x)  struct rt_spinlock x = RT_SPINLOCK_INIT
N
N#ifdef __cplusplus
S}
N#endif
N
N#endif /* __RT_TYPES_H__ */
L 15 "..\RT-Thread\include\rtsched.h" 2
N#include "rtcompiler.h"
L 1 "..\RT-Thread\include\rtcompiler.h" 1
N/*
N * Copyright (c) 2006-2024, RT-Thread Development Team
N *
N * SPDX-License-Identifier: Apache-2.0
N *
N * Change Logs:
N * Date           Author       Notes
N * 2024-01-18     Shell        Separate the compiler porting from rtdef.h
N */
N#ifndef __RT_COMPILER_H__
N#define __RT_COMPILER_H__
N
N#include <rtconfig.h>
N
N#if defined(__ARMCC_VERSION)        /* ARM Compiler */
X#if 1L         
N#define rt_section(x)               __attribute__((section(x)))
N#define rt_used                     __attribute__((used))
N#define rt_align(n)                 __attribute__((aligned(n)))
N#if __ARMCC_VERSION >= 6010050
X#if 5060960 >= 6010050
S#define rt_packed(declare)          declare __attribute__((packed))
N#else
N#define rt_packed(declare)          __packed declare
N#endif
N#define rt_weak                     __attribute__((weak))
N#define rt_typeof                   __typeof
N#define rt_noreturn
N#define rt_inline                   static __inline
N#define rt_always_inline            rt_inline
N#elif defined (__IAR_SYSTEMS_ICC__) /* for IAR Compiler */
S#define rt_section(x)               @ x
S#define rt_used                     __root
S#define PRAGMA(x)                   _Pragma(#x)
S#define rt_align(n)                 PRAGMA(data_alignment=n)
S#define rt_packed(declare)          declare
S#define rt_weak                     __weak
S#define rt_typeof                   __typeof
S#define rt_noreturn
S#define rt_inline                   static inline
S#define rt_always_inline            rt_inline
S#elif defined (__GNUC__)            /* GNU GCC Compiler */
S#define __RT_STRINGIFY(x...)        #x
S#define RT_STRINGIFY(x...)          __RT_STRINGIFY(x)
S#define rt_section(x)               __attribute__((section(x)))
S#define rt_used                     __attribute__((used))
S#define rt_align(n)                 __attribute__((aligned(n)))
S#define rt_packed(declare)          declare __attribute__((packed))
S#define rt_weak                     __attribute__((weak))
S#define rt_typeof                   __typeof__
S#define rt_noreturn                 __attribute__ ((noreturn))
S#define rt_inline                   static __inline
S#define rt_always_inline            static inline __attribute__((always_inline))
S#elif defined (__ADSPBLACKFIN__)    /* for VisualDSP++ Compiler */
S#define rt_section(x)               __attribute__((section(x)))
S#define rt_used                     __attribute__((used))
S#define rt_align(n)                 __attribute__((aligned(n)))
S#define rt_packed(declare)          declare
S#define rt_weak                     __attribute__((weak))
S#define rt_typeof                   typeof
S#define rt_noreturn
S#define rt_inline                   static inline
S#define rt_always_inline            rt_inline
S#elif defined (_MSC_VER)            /* for Visual Studio Compiler */
S#define rt_section(x)
S#define rt_used
S#define rt_align(n)                 __declspec(align(n))
S#define rt_packed(declare)          __pragma(pack(push, 1)) declare __pragma(pack(pop))
S#define rt_weak
S#define rt_typeof                   typeof
S#define rt_noreturn
S#define rt_inline                   static __inline
S#define rt_always_inline            rt_inline
S#elif defined (__TI_COMPILER_VERSION__) /* for TI CCS Compiler */
S/**
S * The way that TI compiler set section is different from other(at least
S * GCC and MDK) compilers. See ARM Optimizing C/C++ Compiler 5.9.3 for more
S * details.
S */
S#define rt_section(x)               __attribute__((section(x)))
S#ifdef __TI_EABI__
S#define rt_used                     __attribute__((retain)) __attribute__((used))
S#else
S#define rt_used                     __attribute__((used))
S#endif
S#define PRAGMA(x)                   _Pragma(#x)
S#define rt_align(n)                 __attribute__((aligned(n)))
S#define rt_packed(declare)          declare __attribute__((packed))
S#ifdef __TI_EABI__
S#define rt_weak                     __attribute__((weak))
S#else
S#define rt_weak
S#endif
S#define rt_typeof                   typeof
S#define rt_noreturn
S#define rt_inline                   static inline
S#define rt_always_inline            rt_inline
S#elif defined (__TASKING__)         /* for TASKING Compiler */
S#define rt_section(x)               __attribute__((section(x)))
S#define rt_used                     __attribute__((used, protect))
S#define PRAGMA(x)                   _Pragma(#x)
S#define rt_align(n)                 __attribute__((__align(n)))
S#define rt_packed(declare)          declare __packed__
S#define rt_weak                     __attribute__((weak))
S#define rt_typeof                   typeof
S#define rt_noreturn
S#define rt_inline                   static inline
S#define rt_always_inline            rt_inline
S#else                              /* Unkown Compiler */
S    #error not supported tool chain
N#endif /* __ARMCC_VERSION */
N
N#endif /* __RT_COMPILER_H__ */
L 16 "..\RT-Thread\include\rtsched.h" 2
N
N#ifdef __cplusplus
Sextern "C" {
N#endif
N
Nstruct rt_thread;
N
Ntypedef rt_uint8_t rt_sched_thread_status_t;
N
N/**
N * Scheduler private status binding on thread. Caller should never accessing
N * these members.
N */
Nstruct rt_sched_thread_priv
N{
N    rt_tick_t                   init_tick;              /**< thread's initialized tick */
N    rt_tick_t                   remaining_tick;         /**< remaining tick */
N
N    /* priority */
N    rt_uint8_t                  current_priority;       /**< current priority */
N    rt_uint8_t                  init_priority;          /**< initialized priority */
N#if RT_THREAD_PRIORITY_MAX > 32
X#if 32 > 32
S    rt_uint8_t                  number;                 /**< priority low number */
S    rt_uint8_t                  high_mask;              /**< priority high mask */
N#endif /* RT_THREAD_PRIORITY_MAX > 32 */
N    rt_uint32_t                 number_mask;            /**< priority number mask */
N
N};
N
N/**
N * Scheduler public status binding on thread. Caller must hold the scheduler
N * lock before access any one of its member.
N */
Nstruct rt_sched_thread_ctx
N{
N    rt_list_t                   thread_list_node;       /**< node in thread list */
N
N    rt_uint8_t                  stat;                   /**< thread status */
N    rt_uint8_t                  sched_flag_locked:1;    /**< calling thread have the scheduler locked */
N    rt_uint8_t                  sched_flag_ttmr_set:1;  /**< thread timer is start */
N
N#ifdef ARCH_USING_HW_THREAD_SELF
S    rt_uint8_t                  critical_switch_flag:1; /**< critical switch pending */
N#endif /* ARCH_USING_HW_THREAD_SELF */
N
N#ifdef RT_USING_SMP
S    rt_uint8_t                  bind_cpu;               /**< thread is bind to cpu */
S    rt_uint8_t                  oncpu;                  /**< process on cpu */
S
S    rt_base_t                   critical_lock_nest;     /**< critical lock count */
N#endif
N
N    struct rt_sched_thread_priv sched_thread_priv;      /**< private context of scheduler */
N};
N
N#define RT_SCHED_THREAD_CTX struct rt_sched_thread_ctx sched_thread_ctx;
N
N#define RT_SCHED_PRIV(thread) ((thread)->sched_thread_ctx.sched_thread_priv)
N#define RT_SCHED_CTX(thread) ((thread)->sched_thread_ctx)
N
N/**
N * Convert a list node in container RT_SCHED_CTX(thread)->thread_list_node
N * to a thread pointer.
N */
N#define RT_THREAD_LIST_NODE_ENTRY(node)                                      \
N    rt_container_of(                                                         \
N        rt_list_entry((node), struct rt_sched_thread_ctx, thread_list_node), \
N        struct rt_thread, sched_thread_ctx)
X#define RT_THREAD_LIST_NODE_ENTRY(node)                                          rt_container_of(                                                                 rt_list_entry((node), struct rt_sched_thread_ctx, thread_list_node),         struct rt_thread, sched_thread_ctx)
N#define RT_THREAD_LIST_NODE(thread) (RT_SCHED_CTX(thread).thread_list_node)
N
N/**
N * System Scheduler Locking
N */
N
Ntypedef rt_ubase_t rt_sched_lock_level_t;
N
Nrt_err_t rt_sched_lock(rt_sched_lock_level_t *plvl);
Nrt_err_t rt_sched_unlock(rt_sched_lock_level_t level);
Nrt_err_t rt_sched_unlock_n_resched(rt_sched_lock_level_t level);
N
Nrt_bool_t rt_sched_is_locked(void);
N
N#ifdef RT_USING_SMP
S#define RT_SCHED_DEBUG_IS_LOCKED do { RT_ASSERT(rt_sched_is_locked()); } while (0)
S#define RT_SCHED_DEBUG_IS_UNLOCKED do { RT_ASSERT(!rt_sched_is_locked()); } while (0)
S
N#else /* !RT_USING_SMP */
N
N#define RT_SCHED_DEBUG_IS_LOCKED
N#define RT_SCHED_DEBUG_IS_UNLOCKED
N#endif /* RT_USING_SMP */
N
N/**
N * NOTE: user should NEVER use these APIs directly. See rt_thread_.* or IPC
N * methods instead.
N */
N#if defined(__RT_KERNEL_SOURCE__) || defined(__RT_IPC_SOURCE__)
X#if 0L || 0L
S
S/* thread initialization and startup routine */
Svoid rt_sched_thread_init_ctx(struct rt_thread *thread, rt_uint32_t tick, rt_uint8_t priority);
Svoid rt_sched_thread_init_priv(struct rt_thread *thread, rt_uint32_t tick, rt_uint8_t priority);
Svoid rt_sched_thread_startup(struct rt_thread *thread);
S
S/* scheduler related routine */
Svoid rt_sched_post_ctx_switch(struct rt_thread *thread);
Srt_err_t rt_sched_tick_increase(rt_tick_t tick);
S
S/* thread status operation */
Srt_uint8_t rt_sched_thread_get_stat(struct rt_thread *thread);
Srt_uint8_t rt_sched_thread_get_curr_prio(struct rt_thread *thread);
Srt_uint8_t rt_sched_thread_get_init_prio(struct rt_thread *thread);
Srt_err_t rt_sched_thread_yield(struct rt_thread *thread);
Srt_err_t rt_sched_thread_close(struct rt_thread *thread);
Srt_err_t rt_sched_thread_ready(struct rt_thread *thread);
Srt_err_t rt_sched_thread_suspend(struct rt_thread *thread, rt_sched_lock_level_t level);
Srt_err_t rt_sched_thread_change_priority(struct rt_thread *thread, rt_uint8_t priority);
Srt_err_t rt_sched_thread_reset_priority(struct rt_thread *thread, rt_uint8_t priority);
Srt_err_t rt_sched_thread_bind_cpu(struct rt_thread *thread, int cpu);
Srt_uint8_t rt_sched_thread_is_suspended(struct rt_thread *thread);
Srt_err_t rt_sched_thread_timer_stop(struct rt_thread *thread);
Srt_err_t rt_sched_thread_timer_start(struct rt_thread *thread);
Svoid rt_sched_insert_thread(struct rt_thread *thread);
Svoid rt_sched_remove_thread(struct rt_thread *thread);
Sstruct rt_thread *rt_sched_thread_self(void);
S
N#endif /* defined(__RT_KERNEL_SOURCE__) || defined(__RT_IPC_SOURCE__) */
N
N#ifdef __cplusplus
S}
N#endif
N
N#endif /* __RT_SCHED_H__ */
L 69 "..\RT-Thread\include\rtdef.h" 2
N#include "rttypes.h"
N
N#include "klibc/kerrno.h"
L 1 "..\RT-Thread\include\klibc/kerrno.h" 1
N/*
N * Copyright (c) 2006-2024, RT-Thread Development Team
N *
N * SPDX-License-Identifier: Apache-2.0
N *
N * Change Logs:
N * Date           Author       Notes
N * 2024-09-22     Meco Man     the first version
N */
N
N#ifndef __RT_KERRNO_H__
N#define __RT_KERRNO_H__
N
N#include <rtconfig.h>
N#include <rttypes.h>
N
N#ifdef __cplusplus
Sextern "C" {
N#endif
N
N#if defined(RT_USING_LIBC) && !defined(RT_USING_NANO)
X#if 0L && !1L
S/* POSIX error code compatible */
S#define RT_EOK                          0               /**< There is no error */
S#define RT_ERROR                        255             /**< A generic/unknown error happens */
S#define RT_ETIMEOUT                     ETIMEDOUT       /**< Timed out */
S#define RT_EFULL                        ENOSPC          /**< The resource is full */
S#define RT_EEMPTY                       ENODATA         /**< The resource is empty */
S#define RT_ENOMEM                       ENOMEM          /**< No memory */
S#define RT_ENOSYS                       ENOSYS          /**< Function not implemented */
S#define RT_EBUSY                        EBUSY           /**< Busy */
S#define RT_EIO                          EIO             /**< IO error */
S#define RT_EINTR                        EINTR           /**< Interrupted system call */
S#define RT_EINVAL                       EINVAL          /**< Invalid argument */
S#define RT_ENOENT                       ENOENT          /**< No entry */
S#define RT_ENOSPC                       ENOSPC          /**< No space left */
S#define RT_EPERM                        EPERM           /**< Operation not permitted */
S#define RT_EFAULT                       EFAULT          /**< Bad address */
S#define RT_ENOBUFS                      ENOBUFS         /**< No buffer space is available */
S#define RT_ESCHEDISR                    253             /**< scheduler failure in isr context */
S#define RT_ESCHEDLOCKED                 252             /**< scheduler failure in critical region */
S#define RT_ETRAP                        254             /**< Trap event */
N#else
N#define RT_EOK                          0               /**< There is no error */
N#define RT_ERROR                        1               /**< A generic/unknown error happens */
N#define RT_ETIMEOUT                     2               /**< Timed out */
N#define RT_EFULL                        3               /**< The resource is full */
N#define RT_EEMPTY                       4               /**< The resource is empty */
N#define RT_ENOMEM                       5               /**< No memory */
N#define RT_ENOSYS                       6               /**< Function not implemented */
N#define RT_EBUSY                        7               /**< Busy */
N#define RT_EIO                          8               /**< IO error */
N#define RT_EINTR                        9               /**< Interrupted system call */
N#define RT_EINVAL                       10              /**< Invalid argument */
N#define RT_ENOENT                       11              /**< No entry */
N#define RT_ENOSPC                       12              /**< No space left */
N#define RT_EPERM                        13              /**< Operation not permitted */
N#define RT_ETRAP                        14              /**< Trap event */
N#define RT_EFAULT                       15              /**< Bad address */
N#define RT_ENOBUFS                      16              /**< No buffer space is available */
N#define RT_ESCHEDISR                    17              /**< scheduler failure in isr context */
N#define RT_ESCHEDLOCKED                 18              /**< scheduler failure in critical region */
N#endif /* defined(RT_USING_LIBC) && !defined(RT_USING_NANO) */
N
Nrt_err_t rt_get_errno(void);
Nvoid rt_set_errno(rt_err_t no);
Nint *_rt_errno(void);
Nconst char *rt_strerror(rt_err_t error);
N#if !defined(RT_USING_NEWLIBC) && !defined(_WIN32)
X#if !0L && !0L
N#ifndef errno
N#define errno    *_rt_errno()
N#endif
N#endif /* !defined(RT_USING_NEWLIBC) && !defined(_WIN32) */
N
N#ifdef __cplusplus
S}
N#endif
N
N#endif
L 72 "..\RT-Thread\include\rtdef.h" 2
N
N#ifdef __cplusplus
Sextern "C" {
N#endif
N
N/**
N * @addtogroup group_basic_definition
N */
N
N/**@{*/
N
N/* RT-Thread version information */
N#define RT_VERSION_MAJOR                5               /**< Major version number (X.x.x) */
N#define RT_VERSION_MINOR                2               /**< Minor version number (x.X.x) */
N#define RT_VERSION_PATCH                2               /**< Patch version number (x.x.X) */
N
N/* e.g. #if (RTTHREAD_VERSION >= RT_VERSION_CHECK(4, 1, 0) */
N#define RT_VERSION_CHECK(major, minor, revise)          ((major * 10000U) + (minor * 100U) + revise)
N
N/* RT-Thread version */
N#define RTTHREAD_VERSION                RT_VERSION_CHECK(RT_VERSION_MAJOR, RT_VERSION_MINOR, RT_VERSION_PATCH)
N
N/**@}*/
N
N/* maximum value of base type */
N#ifdef RT_USING_LIBC
S#define RT_UINT8_MAX                    UINT8_MAX       /**< Maximum number of UINT8 */
S#define RT_UINT16_MAX                   UINT16_MAX      /**< Maximum number of UINT16 */
S#define RT_UINT32_MAX                   UINT32_MAX      /**< Maximum number of UINT32 */
S#define RT_UINT64_MAX                   UINT64_MAX      /**< Maximum number of UINT64 */
N#else
N#define RT_UINT8_MAX                    0xFFU                 /**< Maximum number of UINT8 */
N#define RT_UINT16_MAX                   0xFFFFU               /**< Maximum number of UINT16 */
N#define RT_UINT32_MAX                   0xFFFFFFFFUL          /**< Maximum number of UINT32 */
N#define RT_UINT64_MAX                   0xFFFFFFFFFFFFFFFFULL /**< Maximum number of UINT64 */
N#endif /* RT_USING_LIBC */
N
N#define RT_TICK_MAX                     RT_UINT32_MAX   /**< Maximum number of tick */
N
N/* maximum value of ipc type */
N#define RT_SEM_VALUE_MAX                RT_UINT16_MAX   /**< Maximum number of semaphore .value */
N#define RT_MUTEX_VALUE_MAX              RT_UINT16_MAX   /**< Maximum number of mutex .value */
N#define RT_MUTEX_HOLD_MAX               RT_UINT8_MAX    /**< Maximum number of mutex .hold */
N#define RT_MB_ENTRY_MAX                 RT_UINT16_MAX   /**< Maximum number of mailbox .entry */
N#define RT_MQ_ENTRY_MAX                 RT_UINT16_MAX   /**< Maximum number of message queue .entry */
N
N/* Common Utilities */
N
N#define RT_UNUSED(x)                   ((void)(x))
N
N/* compile time assertion */
N#define RT_STATIC_ASSERT(name, expn) typedef char _static_assert_##name[(expn)?1:-1]
N
N/* Compiler Related Definitions */
N#include "rtcompiler.h"
N
N/* initialization export */
N#ifdef RT_USING_COMPONENTS_INIT
Stypedef int (*init_fn_t)(void);
S#ifdef _MSC_VER
S#pragma section("rti_fn$f",read)
S    #ifdef RT_DEBUGING_AUTO_INIT
S        struct rt_init_desc
S        {
S            const char* level;
S            const init_fn_t fn;
S            const char* fn_name;
S        };
S        #define INIT_EXPORT(fn, level)                                  \
S                                const char __rti_level_##fn[] = ".rti_fn." level;       \
S                                const char __rti_##fn##_name[] = #fn;                   \
S                                __declspec(allocate("rti_fn$f"))                        \
S                                rt_used const struct rt_init_desc __rt_init_msc_##fn =  \
S                                {__rti_level_##fn, fn, __rti_##fn##_name};
X        #define INIT_EXPORT(fn, level)                                                                  const char __rti_level_##fn[] = ".rti_fn." level;                                       const char __rti_##fn##_name[] = #fn;                                                   __declspec(allocate("rti_fn$f"))                                                        rt_used const struct rt_init_desc __rt_init_msc_##fn =                                  {__rti_level_##fn, fn, __rti_##fn##_name};
S    #else
S        struct rt_init_desc
S        {
S            const char* level;
S            const init_fn_t fn;
S        };
S        #define INIT_EXPORT(fn, level)                                  \
S                                const char __rti_level_##fn[] = ".rti_fn." level;       \
S                                __declspec(allocate("rti_fn$f"))                        \
S                                rt_used const struct rt_init_desc __rt_init_msc_##fn =  \
S                                {__rti_level_##fn, fn };
X        #define INIT_EXPORT(fn, level)                                                                  const char __rti_level_##fn[] = ".rti_fn." level;                                       __declspec(allocate("rti_fn$f"))                                                        rt_used const struct rt_init_desc __rt_init_msc_##fn =                                  {__rti_level_##fn, fn };
S    #endif /* RT_DEBUGING_AUTO_INIT */
S#else
S    #ifdef RT_DEBUGING_AUTO_INIT
S        struct rt_init_desc
S        {
S            const char* fn_name;
S            const init_fn_t fn;
S        };
S        #define INIT_EXPORT(fn, level)                                                       \
S            const char __rti_##fn##_name[] = #fn;                                            \
S            rt_used const struct rt_init_desc __rt_init_desc_##fn rt_section(".rti_fn." level) = \
S            { __rti_##fn##_name, fn};
X        #define INIT_EXPORT(fn, level)                                                                   const char __rti_##fn##_name[] = #fn;                                                        rt_used const struct rt_init_desc __rt_init_desc_##fn rt_section(".rti_fn." level) =             { __rti_##fn##_name, fn};
S    #else
S        #define INIT_EXPORT(fn, level)                                                       \
S            rt_used const init_fn_t __rt_init_##fn rt_section(".rti_fn." level) = fn
X        #define INIT_EXPORT(fn, level)                                                                   rt_used const init_fn_t __rt_init_##fn rt_section(".rti_fn." level) = fn
S    #endif /* RT_DEBUGING_AUTO_INIT */
S#endif /* _MSC_VER */
N#else
N#define INIT_EXPORT(fn, level)
N#endif /* RT_USING_COMPONENTS_INIT */
N
N/* board init routines will be called in board_init() function */
N#define INIT_BOARD_EXPORT(fn)           INIT_EXPORT(fn, "1")
N
N/* init cpu, memory, interrupt-controller, bus... */
N#define INIT_CORE_EXPORT(fn)            INIT_EXPORT(fn, "1.0")
N/* init sys-timer, clk, pinctrl... */
N#define INIT_SUBSYS_EXPORT(fn)          INIT_EXPORT(fn, "1.1")
N/* init platform, user code... */
N#define INIT_PLATFORM_EXPORT(fn)        INIT_EXPORT(fn, "1.2")
N
N/* pre/device/component/env/app init routines will be called in init_thread */
N/* components pre-initialization (pure software initialization) */
N#define INIT_PREV_EXPORT(fn)            INIT_EXPORT(fn, "2")
N/* device initialization */
N#define INIT_DEVICE_EXPORT(fn)          INIT_EXPORT(fn, "3")
N/* components initialization (dfs, lwip, ...) */
N#define INIT_COMPONENT_EXPORT(fn)       INIT_EXPORT(fn, "4")
N/* environment initialization (mount disk, ...) */
N#define INIT_ENV_EXPORT(fn)             INIT_EXPORT(fn, "5")
N/* application initialization (rtgui application etc ...) */
N#define INIT_APP_EXPORT(fn)             INIT_EXPORT(fn, "6")
N
N/* init after mount fs */
N#define INIT_FS_EXPORT(fn)              INIT_EXPORT(fn, "6.0")
N/* init in secondary_cpu_c_start */
N#define INIT_SECONDARY_CPU_EXPORT(fn)   INIT_EXPORT(fn, "7")
N
N#if !defined(RT_USING_FINSH)
X#if !0L
N/* define these to empty, even if not include finsh.h file */
N#define FINSH_FUNCTION_EXPORT(name, desc)
N#define FINSH_FUNCTION_EXPORT_ALIAS(name, alias, desc)
N
N#define MSH_CMD_EXPORT(command, desc)
N#define MSH_CMD_EXPORT_ALIAS(command, alias, desc)
N#elif !defined(FINSH_USING_SYMTAB)
S#define FINSH_FUNCTION_EXPORT_CMD(name, cmd, desc)
N#endif
N
N/* event length */
N#define RT_EVENT_LENGTH                 32
N
N/* memory management option */
N#define RT_MM_PAGE_SIZE                 4096
N#define RT_MM_PAGE_MASK                 (RT_MM_PAGE_SIZE - 1)
N#define RT_MM_PAGE_BITS                 12
N
N/* kernel malloc definitions */
N#ifndef RT_KERNEL_MALLOC
N#define RT_KERNEL_MALLOC(sz)            rt_malloc(sz)
N#endif /* RT_KERNEL_MALLOC */
N
N#ifndef RT_KERNEL_FREE
N#define RT_KERNEL_FREE(ptr)             rt_free(ptr)
N#endif /* RT_KERNEL_FREE */
N
N#ifndef RT_KERNEL_REALLOC
N#define RT_KERNEL_REALLOC(ptr, size)    rt_realloc(ptr, size)
N#endif /* RT_KERNEL_REALLOC */
N
N/**
N * @ingroup group_basic_definition
N *
N * @def RT_IS_ALIGN(addr, align)
N * Return true(1) or false(0).
N *     RT_IS_ALIGN(128, 4) is judging whether 128 aligns with 4.
N *     The result is 1, which means 128 aligns with 4.
N * @note If the address is NULL, false(0) will be returned
N */
N#define RT_IS_ALIGN(addr, align) ((!(addr & (align - 1))) && (addr != RT_NULL))
N
N/**
N * @ingroup group_basic_definition
N *
N * @def RT_ALIGN(size, align)
N * Return the most contiguous size aligned at specified width. RT_ALIGN(13, 4)
N * would return 16.
N * @note align Must be an integer power of 2 or the result will be incorrect
N */
N#define RT_ALIGN(size, align)           (((size) + (align) - 1) & ~((align) - 1))
N
N/**
N * @ingroup group_basic_definition
N *
N * @def RT_ALIGN_DOWN(size, align)
N * Return the down number of aligned at specified width. RT_ALIGN_DOWN(13, 4)
N * would return 12.
N * @note align Must be an integer power of 2 or the result will be incorrect
N */
N#define RT_ALIGN_DOWN(size, align)      ((size) & ~((align) - 1))
N
N/**
N * @addtogroup group_object_management
N */
N
N/**@{*/
N
N/*
N * kernel object macros
N */
N#define RT_OBJECT_FLAG_MODULE           0x80            /**< is module object. */
N
N/**
N * Base structure of Kernel object
N */
Nstruct rt_object
N{
N#if RT_NAME_MAX > 0
X#if 8 > 0
N    char        name[RT_NAME_MAX];                       /**< dynamic name of kernel object */
X    char        name[8];                        
N#else
S    const char *name;                                    /**< static name of kernel object */
N#endif /* RT_NAME_MAX > 0 */
N    rt_uint8_t  type;                                    /**< type of kernel object */
N    rt_uint8_t  flag;                                    /**< flag of kernel object */
N
N#ifdef RT_USING_MODULE
S    void      * module_id;                               /**< id of application module */
N#endif /* RT_USING_MODULE */
N
N#ifdef RT_USING_SMART
S    rt_atomic_t lwp_ref_count;                           /**< ref count for lwp */
N#endif /* RT_USING_SMART */
N
N    rt_list_t   list;                                    /**< list node of kernel object */
N};
Ntypedef struct rt_object *rt_object_t;                   /**< Type for kernel objects. */
N
N/**
N * iterator of rt_object_for_each()
N *
N * data is the data passing in to rt_object_for_each(). iterator can return
N * RT_EOK to continue the iteration; or any positive value to break the loop
N * successfully; or any negative errno to break the loop on failure.
N */
Ntypedef rt_err_t (*rt_object_iter_t)(rt_object_t object, void *data);
N
N/**
N *  The object type can be one of the follows with specific
N *  macros enabled:
N *  - Thread
N *  - Semaphore
N *  - Mutex
N *  - Event
N *  - MailBox
N *  - MessageQueue
N *  - MemHeap
N *  - MemPool
N *  - Device
N *  - Timer
N *  - Module
N *  - Unknown
N *  - Static
N */
Nenum rt_object_class_type
N{
N    RT_Object_Class_Null          = 0x00,      /**< The object is not used. */
N    RT_Object_Class_Thread        = 0x01,      /**< The object is a thread. */
N    RT_Object_Class_Semaphore     = 0x02,      /**< The object is a semaphore. */
N    RT_Object_Class_Mutex         = 0x03,      /**< The object is a mutex. */
N    RT_Object_Class_Event         = 0x04,      /**< The object is a event. */
N    RT_Object_Class_MailBox       = 0x05,      /**< The object is a mail box. */
N    RT_Object_Class_MessageQueue  = 0x06,      /**< The object is a message queue. */
N    RT_Object_Class_MemHeap       = 0x07,      /**< The object is a memory heap. */
N    RT_Object_Class_MemPool       = 0x08,      /**< The object is a memory pool. */
N    RT_Object_Class_Device        = 0x09,      /**< The object is a device. */
N    RT_Object_Class_Timer         = 0x0a,      /**< The object is a timer. */
N    RT_Object_Class_Module        = 0x0b,      /**< The object is a module. */
N    RT_Object_Class_Memory        = 0x0c,      /**< The object is a memory. */
N    RT_Object_Class_Channel       = 0x0d,      /**< The object is a channel */
N    RT_Object_Class_ProcessGroup  = 0x0e,      /**< The object is a process group */
N    RT_Object_Class_Session       = 0x0f,      /**< The object is a session */
N    RT_Object_Class_Custom        = 0x10,      /**< The object is a custom object */
N    RT_Object_Class_Unknown       = 0x11,      /**< The object is unknown. */
N    RT_Object_Class_Static        = 0x80       /**< The object is a static object. */
N};
N
N/**
N * The information of the kernel object
N */
Nstruct rt_object_information
N{
N    enum rt_object_class_type type;                     /**< object class type */
N    rt_list_t                 object_list;              /**< object list */
N    rt_size_t                 object_size;              /**< object size */
N    struct rt_spinlock        spinlock;
N};
N
N/**
N * The hook function call macro
N */
N#ifndef RT_USING_HOOK
N#define RT_OBJECT_HOOK_CALL(func, argv)
N
N#else
S
S/**
S * @brief Add hook point in the routines
S * @note Usage:
S * void foo() {
S *     do_something();
S *
S *     RT_OBJECT_HOOK_CALL(foo);
S *
S *     do_other_things();
S * }
S */
S#define _RT_OBJECT_HOOK_CALL(func, argv) __ON_HOOK_ARGS(func, argv)
S#define RT_OBJECT_HOOK_CALL(func, argv)  _RT_OBJECT_HOOK_CALL(func, argv)
S
S    #ifdef RT_HOOK_USING_FUNC_PTR
S        #define __ON_HOOK_ARGS(__hook, argv)        do {if ((__hook) != RT_NULL) __hook argv; } while (0)
S    #else
S        #define __ON_HOOK_ARGS(__hook, argv)
S    #endif /* RT_HOOK_USING_FUNC_PTR */
N#endif /* RT_USING_HOOK */
N
N#ifdef RT_USING_HOOKLIST
S
S/**
S * @brief Add declaration for hook list types.
S *
S * @note Usage:
S * This is typically used in your header. In foo.h using this like:
S *
S * ```foo.h
S *     typedef void (*bar_hook_proto_t)(arguments...);
S *     RT_OBJECT_HOOKLIST_DECLARE(bar_hook_proto_t, bar_myhook);
S * ```
S */
S#define RT_OBJECT_HOOKLIST_DECLARE(handler_type, name) \
S    typedef struct name##_hooklistnode                 \
S    {                                                  \
S        handler_type handler;                          \
S        rt_list_t list_node;                           \
S    } *name##_hooklistnode_t;                          \
S    extern volatile rt_ubase_t name##_nested;          \
S    void name##_sethook(name##_hooklistnode_t node);   \
S    void name##_rmhook(name##_hooklistnode_t node)
X#define RT_OBJECT_HOOKLIST_DECLARE(handler_type, name)     typedef struct name##_hooklistnode                     {                                                          handler_type handler;                                  rt_list_t list_node;                               } *name##_hooklistnode_t;                              extern volatile rt_ubase_t name##_nested;              void name##_sethook(name##_hooklistnode_t node);       void name##_rmhook(name##_hooklistnode_t node)
S
S/**
S * @brief Add declaration for hook list node.
S *
S * @note Usage
S * You can add a hook like this.
S *
S * ```addhook.c
S * void myhook(arguments...) { do_something(); }
S * RT_OBJECT_HOOKLIST_DEFINE_NODE(bar_myhook, myhook_node, myhook);
S *
S * void addhook(void)
S * {
S *      bar_myhook_sethook(myhook);
S * }
S * ```
S *
S * BTW, you can also find examples codes under
S * `examples/utest/testcases/kernel/hooklist_tc.c`.
S */
S#define RT_OBJECT_HOOKLIST_DEFINE_NODE(hookname, nodename, hooker_handler) \
S    struct hookname##_hooklistnode nodename = {                            \
S        .handler = hooker_handler,                                         \
S        .list_node = RT_LIST_OBJECT_INIT(nodename.list_node),              \
S    };
X#define RT_OBJECT_HOOKLIST_DEFINE_NODE(hookname, nodename, hooker_handler)     struct hookname##_hooklistnode nodename = {                                    .handler = hooker_handler,                                                 .list_node = RT_LIST_OBJECT_INIT(nodename.list_node),                  };
S
S/**
S * @note Usage
S * Add this macro to the source file where your hook point is inserted.
S */
S#define RT_OBJECT_HOOKLIST_DEFINE(name)                                      \
S    static rt_list_t name##_hooklist = RT_LIST_OBJECT_INIT(name##_hooklist); \
S    static struct rt_spinlock name##lock = RT_SPINLOCK_INIT;                 \
S    volatile rt_ubase_t name##_nested = 0;                                   \
S    void name##_sethook(name##_hooklistnode_t node)                          \
S    {                                                                        \
S        rt_ubase_t level = rt_spin_lock_irqsave(&name##lock);                \
S        while (name##_nested)                                                \
S        {                                                                    \
S            rt_spin_unlock_irqrestore(&name##lock, level);                   \
S            level = rt_spin_lock_irqsave(&name##lock);                       \
S        }                                                                    \
S        rt_list_insert_before(&name##_hooklist, &node->list_node);           \
S        rt_spin_unlock_irqrestore(&name##lock, level);                       \
S    }                                                                        \
S    void name##_rmhook(name##_hooklistnode_t node)                           \
S    {                                                                        \
S        rt_ubase_t level = rt_spin_lock_irqsave(&name##lock);                \
S        while (name##_nested)                                                \
S        {                                                                    \
S            rt_spin_unlock_irqrestore(&name##lock, level);                   \
S            level = rt_spin_lock_irqsave(&name##lock);                       \
S        }                                                                    \
S        rt_list_remove(&node->list_node);                                    \
S        rt_spin_unlock_irqrestore(&name##lock, level);                       \
S    }
X#define RT_OBJECT_HOOKLIST_DEFINE(name)                                          static rt_list_t name##_hooklist = RT_LIST_OBJECT_INIT(name##_hooklist);     static struct rt_spinlock name##lock = RT_SPINLOCK_INIT;                     volatile rt_ubase_t name##_nested = 0;                                       void name##_sethook(name##_hooklistnode_t node)                              {                                                                                rt_ubase_t level = rt_spin_lock_irqsave(&name##lock);                        while (name##_nested)                                                        {                                                                                rt_spin_unlock_irqrestore(&name##lock, level);                               level = rt_spin_lock_irqsave(&name##lock);                               }                                                                            rt_list_insert_before(&name##_hooklist, &node->list_node);                   rt_spin_unlock_irqrestore(&name##lock, level);                           }                                                                            void name##_rmhook(name##_hooklistnode_t node)                               {                                                                                rt_ubase_t level = rt_spin_lock_irqsave(&name##lock);                        while (name##_nested)                                                        {                                                                                rt_spin_unlock_irqrestore(&name##lock, level);                               level = rt_spin_lock_irqsave(&name##lock);                               }                                                                            rt_list_remove(&node->list_node);                                            rt_spin_unlock_irqrestore(&name##lock, level);                           }
S
S/**
S * @brief Add hook list point in the routines. Multiple hookers in the list will
S *        be called one by one starting from head node.
S *
S * @note Usage:
S * void foo() {
S *     do_something();
S *
S *     RT_OBJECT_HOOKLIST_CALL(foo);
S *
S *     do_other_things();
S * }
S */
S#define _RT_OBJECT_HOOKLIST_CALL(nodetype, nested, list, lock, argv)  \
S    do                                                                \
S    {                                                                 \
S        nodetype iter, next;                                          \
S        rt_ubase_t level = rt_spin_lock_irqsave(&lock);               \
S        nested += 1;                                                  \
S        rt_spin_unlock_irqrestore(&lock, level);                      \
S        if (!rt_list_isempty(&list))                                  \
S        {                                                             \
S            rt_list_for_each_entry_safe(iter, next, &list, list_node) \
S            {                                                         \
S                iter->handler argv;                                   \
S            }                                                         \
S        }                                                             \
S        level = rt_spin_lock_irqsave(&lock);                          \
S        nested -= 1;                                                  \
S        rt_spin_unlock_irqrestore(&lock, level);                      \
S    } while (0)
X#define _RT_OBJECT_HOOKLIST_CALL(nodetype, nested, list, lock, argv)      do                                                                    {                                                                         nodetype iter, next;                                                  rt_ubase_t level = rt_spin_lock_irqsave(&lock);                       nested += 1;                                                          rt_spin_unlock_irqrestore(&lock, level);                              if (!rt_list_isempty(&list))                                          {                                                                         rt_list_for_each_entry_safe(iter, next, &list, list_node)             {                                                                         iter->handler argv;                                               }                                                                 }                                                                     level = rt_spin_lock_irqsave(&lock);                                  nested -= 1;                                                          rt_spin_unlock_irqrestore(&lock, level);                          } while (0)
S#define RT_OBJECT_HOOKLIST_CALL(name, argv)                        \
S    _RT_OBJECT_HOOKLIST_CALL(name##_hooklistnode_t, name##_nested, \
S                             name##_hooklist, name##lock, argv)
X#define RT_OBJECT_HOOKLIST_CALL(name, argv)                            _RT_OBJECT_HOOKLIST_CALL(name##_hooklistnode_t, name##_nested,                              name##_hooklist, name##lock, argv)
S
N#else
N
N#define RT_OBJECT_HOOKLIST_DECLARE(handler_type, name)
N#define RT_OBJECT_HOOKLIST_DEFINE_NODE(hookname, nodename, hooker_handler)
N#define RT_OBJECT_HOOKLIST_DEFINE(name)
N#define RT_OBJECT_HOOKLIST_CALL(name, argv)
N#endif /* RT_USING_HOOKLIST */
N
N/**@}*/
N
N/**
N * @addtogroup group_clock_management
N */
N
N/**@{*/
N
N/**
N * clock & timer macros
N */
N#define RT_TIMER_FLAG_DEACTIVATED       0x0             /**< timer is deactive */
N#define RT_TIMER_FLAG_ACTIVATED         0x1             /**< timer is active */
N#define RT_TIMER_FLAG_ONE_SHOT          0x0             /**< one shot timer */
N#define RT_TIMER_FLAG_PERIODIC          0x2             /**< periodic timer */
N
N#define RT_TIMER_FLAG_HARD_TIMER        0x0             /**< hard timer,the timer's callback function will be called in tick isr. */
N#define RT_TIMER_FLAG_SOFT_TIMER        0x4             /**< soft timer,the timer's callback function will be called in timer thread. */
N#define RT_TIMER_FLAG_THREAD_TIMER \
N    (0x8 | RT_TIMER_FLAG_HARD_TIMER)                    /**< thread timer that cooperates with scheduler directly */
X#define RT_TIMER_FLAG_THREAD_TIMER     (0x8 | RT_TIMER_FLAG_HARD_TIMER)                     
N
N#define RT_TIMER_CTRL_SET_TIME          0x0             /**< set timer control command */
N#define RT_TIMER_CTRL_GET_TIME          0x1             /**< get timer control command */
N#define RT_TIMER_CTRL_SET_ONESHOT       0x2             /**< change timer to one shot */
N#define RT_TIMER_CTRL_SET_PERIODIC      0x3             /**< change timer to periodic */
N#define RT_TIMER_CTRL_GET_STATE         0x4             /**< get timer run state active or deactive*/
N#define RT_TIMER_CTRL_GET_REMAIN_TIME   0x5             /**< get the remaining hang time */
N#define RT_TIMER_CTRL_GET_FUNC          0x6             /**< get timer timeout func  */
N#define RT_TIMER_CTRL_SET_FUNC          0x7             /**< set timer timeout func  */
N#define RT_TIMER_CTRL_GET_PARM          0x8             /**< get timer parameter  */
N#define RT_TIMER_CTRL_SET_PARM          0x9             /**< set timer parameter  */
N
N#ifndef RT_TIMER_SKIP_LIST_LEVEL
N#define RT_TIMER_SKIP_LIST_LEVEL          1
N#endif
N
N/* 1 or 3 */
N#ifndef RT_TIMER_SKIP_LIST_MASK
N#define RT_TIMER_SKIP_LIST_MASK         0x3             /**< Timer skips the list mask */
N#endif
N
N/**
N * timeout handler of rt_timer
N */
Ntypedef void (*rt_timer_func_t)(void *parameter);
N
N/**
N * timer structure
N */
Nstruct rt_timer
N{
N    struct rt_object parent;                            /**< inherit from rt_object */
N
N    rt_list_t        row[RT_TIMER_SKIP_LIST_LEVEL];
X    rt_list_t        row[1];
N
N    rt_timer_func_t  timeout_func;                      /**< timeout function */
N    void             *parameter;                        /**< timeout function's parameter */
N
N    rt_tick_t        init_tick;                         /**< timer timeout tick */
N    rt_tick_t        timeout_tick;                      /**< timeout tick */
N};
Ntypedef struct rt_timer *rt_timer_t;
N
N/**@}*/
N
N/**
N * @addtogroup group_signal
N */
N/**@{*/
N
N#ifdef RT_USING_SIGNALS
S#define RT_SIG_MAX          32
Stypedef unsigned long rt_sigset_t;
Stypedef siginfo_t rt_siginfo_t;
Stypedef void (*rt_sighandler_t)(int signo);
N#endif /* RT_USING_SIGNALS */
N/**@}*/
N
N/**
N * @addtogroup group_thread_management
N */
N
N/**@{*/
N
N/*
N * Thread
N */
N
N/*
N * thread state definitions
N */
N#define RT_THREAD_INIT                       0x00                /**< Initialized status */
N#define RT_THREAD_CLOSE                      0x01                /**< Closed status */
N#define RT_THREAD_READY                      0x02                /**< Ready status */
N#define RT_THREAD_RUNNING                    0x03                /**< Running status */
N
N/*
N * for rt_thread_suspend_with_flag()
N */
Nenum
N{
N    RT_INTERRUPTIBLE = 0,
N    RT_KILLABLE,
N    RT_UNINTERRUPTIBLE,
N};
N
N#define RT_THREAD_SUSPEND_MASK               0x04
N#define RT_SIGNAL_COMMON_WAKEUP_MASK         0x02
N#define RT_SIGNAL_KILL_WAKEUP_MASK           0x01
N
N#define RT_THREAD_SUSPEND_INTERRUPTIBLE      (RT_THREAD_SUSPEND_MASK)                                                             /**< Suspend interruptable 0x4 */
N#define RT_THREAD_SUSPEND                    RT_THREAD_SUSPEND_INTERRUPTIBLE
N#define RT_THREAD_SUSPEND_KILLABLE           (RT_THREAD_SUSPEND_MASK | RT_SIGNAL_COMMON_WAKEUP_MASK)                              /**< Suspend with killable 0x6 */
N#define RT_THREAD_SUSPEND_UNINTERRUPTIBLE    (RT_THREAD_SUSPEND_MASK | RT_SIGNAL_COMMON_WAKEUP_MASK | RT_SIGNAL_KILL_WAKEUP_MASK) /**< Suspend with uninterruptable 0x7 */
N#define RT_THREAD_STAT_MASK                  0x07
N
N#define RT_THREAD_STAT_YIELD            0x08                /**< indicate whether remaining_tick has been reloaded since last schedule */
N#define RT_THREAD_STAT_YIELD_MASK       RT_THREAD_STAT_YIELD
N
N#define RT_THREAD_STAT_SIGNAL           0x10                /**< task hold signals */
N#define RT_THREAD_STAT_SIGNAL_READY     (RT_THREAD_STAT_SIGNAL | RT_THREAD_READY)
N#define RT_THREAD_STAT_SIGNAL_WAIT      0x20                /**< task is waiting for signals */
N#define RT_THREAD_STAT_SIGNAL_PENDING   0x40                /**< signals is held and it has not been procressed */
N#define RT_THREAD_STAT_SIGNAL_MASK      0xf0
N
N/**
N * thread control command definitions
N */
N#define RT_THREAD_CTRL_STARTUP          0x00                /**< Startup thread. */
N#define RT_THREAD_CTRL_CLOSE            0x01                /**< Close thread. */
N#define RT_THREAD_CTRL_CHANGE_PRIORITY  0x02                /**< Change thread priority. */
N#define RT_THREAD_CTRL_INFO             0x03                /**< Get thread information. */
N#define RT_THREAD_CTRL_BIND_CPU         0x04                /**< Set thread bind cpu. */
N#define RT_THREAD_CTRL_RESET_PRIORITY   0x05                /**< Reset thread priority. */
N
N/**
N * CPU usage statistics data
N */
Nstruct rt_cpu_usage_stats
N{
N    rt_ubase_t user;
N    rt_ubase_t system;
N    rt_ubase_t irq;
N    rt_ubase_t idle;
N};
Ntypedef struct rt_cpu_usage_stats *rt_cpu_usage_stats_t;
N
N#ifdef RT_USING_SMP
S
S#define RT_CPU_DETACHED                 RT_CPUS_NR          /**< The thread not running on cpu. */
S#define RT_CPU_MASK                     ((1 << RT_CPUS_NR) - 1) /**< All CPUs mask bit. */
S
S#ifndef RT_SCHEDULE_IPI
S#define RT_SCHEDULE_IPI                 0
S#endif /* RT_SCHEDULE_IPI */
S
S#ifndef RT_STOP_IPI
S#define RT_STOP_IPI                     1
S#endif /* RT_STOP_IPI */
S
S#ifndef RT_SMP_CALL_IPI
S#define RT_SMP_CALL_IPI                 2
S#endif
S
S#define RT_MAX_IPI                      3
S
S#define _SCHEDULER_CONTEXT(fileds) fileds
S
S/**
S * CPUs definitions
S *
S */
Sstruct rt_cpu
S{
S    /**
S     * protected by:
S     *   - other cores: accessing from other coress is undefined behaviour
S     *   - local core: rt_enter_critical()/rt_exit_critical()
S     */
S    _SCHEDULER_CONTEXT(
S        struct rt_thread        *current_thread;
S
S        rt_uint8_t              irq_switch_flag:1;
S        rt_uint8_t              sched_lock_flag:1;
S#ifndef ARCH_USING_HW_THREAD_SELF
S        rt_uint8_t              critical_switch_flag:1;
S#endif /* ARCH_USING_HW_THREAD_SELF */
S
S        rt_uint8_t              current_priority;
S        rt_list_t               priority_table[RT_THREAD_PRIORITY_MAX];
S    #if RT_THREAD_PRIORITY_MAX > 32
S        rt_uint32_t             priority_group;
S        rt_uint8_t              ready_table[32];
S    #else
S        rt_uint32_t             priority_group;
S    #endif /* RT_THREAD_PRIORITY_MAX > 32 */
S
S        rt_atomic_t             tick;   /**< Passing tickes on this core */
S    );
S
S    struct rt_thread            *idle_thread;
S    rt_atomic_t                 irq_nest;
S
S#ifdef RT_USING_SMART
S    struct rt_spinlock          spinlock;
S#endif /* RT_USING_SMART */
S#ifdef RT_USING_CPU_USAGE_TRACER
S    struct rt_cpu_usage_stats   cpu_stat;
S#endif /* RT_USING_CPU_USAGE_TRACER */
S#ifdef ARCH_USING_IRQ_CTX_LIST
S    rt_slist_t                  irq_ctx_head;
S#endif /* ARCH_USING_IRQ_CTX_LIST */
S};
S
N#else /* !RT_USING_SMP */
Nstruct rt_cpu
N{
N    struct rt_thread            *current_thread;
N    struct rt_thread            *idle_thread;
N
N#ifdef RT_USING_CPU_USAGE_TRACER
S    struct rt_cpu_usage_stats   cpu_stat;
N#endif /* RT_USING_CPU_USAGE_TRACER */
N#ifdef ARCH_USING_IRQ_CTX_LIST
S    rt_slist_t                  irq_ctx_head;
N#endif /* ARCH_USING_IRQ_CTX_LIST */
N};
N
N#endif /* RT_USING_SMP */
N
Ntypedef struct rt_cpu *rt_cpu_t;
N/* Noted: As API to reject writing to this variable from application codes */
N#define rt_current_thread rt_thread_self()
N
Nstruct rt_thread;
N
N/**
N * interrupt/exception frame handling
N *
N */
N
Ntypedef struct rt_interrupt_context {
N    void *context;      /**< arch specific context */
N    rt_slist_t node;    /**< node for nested interrupt */
N} *rt_interrupt_context_t;
N
N#ifdef RT_USING_SMART
Stypedef rt_err_t (*rt_wakeup_func_t)(void *object, struct rt_thread *thread);
S
Sstruct rt_wakeup
S{
S    rt_wakeup_func_t func;
S    void *user_data;
S};
S
S#define _LWP_NSIG       64
S
S#ifdef ARCH_CPU_64BIT
S#define _LWP_NSIG_BPW   64
S#else
S#define _LWP_NSIG_BPW   32
S#endif
S
S#define _LWP_NSIG_WORDS (RT_ALIGN(_LWP_NSIG, _LWP_NSIG_BPW) / _LWP_NSIG_BPW)
S
Stypedef void (*lwp_sighandler_t)(int);
Stypedef void (*lwp_sigaction_t)(int signo, siginfo_t *info, void *context);
S
Stypedef struct {
S    unsigned long sig[_LWP_NSIG_WORDS];
S} lwp_sigset_t;
S
S#if _LWP_NSIG <= 64
S#define lwp_sigmask(signo)      ((lwp_sigset_t){.sig = {[0] = ((long)(1u << ((signo)-1)))}})
S#define lwp_sigset_init(mask)   ((lwp_sigset_t){.sig = {[0] = (long)(mask)}})
S#endif /* _LWP_NSIG <= 64 */
S
Sstruct lwp_sigaction {
S    union {
S        void (*_sa_handler)(int);
S        void (*_sa_sigaction)(int, siginfo_t *, void *);
S    } __sa_handler;
S    lwp_sigset_t sa_mask;
S    int sa_flags;
S    void (*sa_restorer)(void);
S};
S
Stypedef struct lwp_siginfo_ext {
S    union {
S        /* for SIGCHLD */
S        struct {
S            int status;
S            clock_t utime;
S            clock_t stime;
S        } sigchld;
S    };
S} *lwp_siginfo_ext_t;
S
Stypedef struct lwp_siginfo {
S    rt_list_t node;
S
S    struct {
S        int signo;
S        int code;
S
S        int from_tid;
S        pid_t from_pid;
S    } ksiginfo;
S
S    /* the signal specified extension field */
S    struct lwp_siginfo_ext *ext;
S} *lwp_siginfo_t;
S
Stypedef struct lwp_sigqueue {
S    rt_list_t siginfo_list;
S    lwp_sigset_t sigset_pending;
S} *lwp_sigqueue_t;
S
Sstruct lwp_thread_signal {
S    lwp_sigset_t sigset_mask;
S    struct lwp_sigqueue sig_queue;
S};
S
Sstruct rt_user_context
S{
S    void *sp;
S    void *pc;
S    void *flag;
S
S    void *ctx;
S};
N#endif /* RT_USING_SMART */
N
Ntypedef void (*rt_thread_cleanup_t)(struct rt_thread *tid);
N
N/**
N * Thread structure
N */
N
Nstruct rt_thread
N{
N    struct rt_object            parent;
N
N    /* stack point and entry */
N    void                        *sp;                    /**< stack point */
N    void                        *entry;                 /**< entry */
N    void                        *parameter;             /**< parameter */
N    void                        *stack_addr;            /**< stack address */
N    rt_uint32_t                 stack_size;             /**< stack size */
N
N    /* error code */
N    rt_err_t                    error;                  /**< error code */
N
N#ifdef RT_USING_SMP
S    rt_atomic_t                 cpus_lock_nest;         /**< cpus lock count */
N#endif
N
N    RT_SCHED_THREAD_CTX
X    struct rt_sched_thread_ctx sched_thread_ctx;
N    struct rt_timer             thread_timer;           /**< built-in thread timer */
N    rt_thread_cleanup_t         cleanup;                /**< cleanup function when thread exit */
N
N#ifdef RT_USING_MUTEX
N    /* object for IPC */
N    rt_list_t                   taken_object_list;
N    rt_object_t                 pending_object;
N#endif /* RT_USING_MUTEX */
N
N#ifdef RT_USING_EVENT
S    /* thread event */
S    rt_uint32_t                 event_set;
S    rt_uint8_t                  event_info;
N#endif /* RT_USING_EVENT */
N
N#ifdef RT_USING_SIGNALS
S    rt_sigset_t                 sig_pending;            /**< the pending signals */
S    rt_sigset_t                 sig_mask;               /**< the mask bits of signal */
S
S#ifndef RT_USING_SMP
S    void                        *sig_ret;               /**< the return stack pointer from signal */
S#endif /* RT_USING_SMP */
S    rt_sighandler_t             *sig_vectors;           /**< vectors of signal handler */
S    void                        *si_list;               /**< the signal infor list */
N#endif /* RT_USING_SIGNALS */
N
N#ifdef RT_USING_CPU_USAGE
S    rt_uint64_t                 duration_tick;          /**< cpu usage tick */
N#endif /* RT_USING_CPU_USAGE */
N
N#ifdef RT_USING_PTHREADS
S    void                        *pthread_data;          /**< the handle of pthread data, adapt 32/64bit */
N#endif /* RT_USING_PTHREADS */
N
N    /* light weight process if present */
N#ifdef RT_USING_SMART
S    void                        *msg_ret;               /**< the return msg */
S
S    void                        *lwp;                   /**< the lwp reference */
S    /* for user create */
S    void                        *user_entry;
S    void                        *user_stack;
S    rt_uint32_t                 user_stack_size;
S    rt_uint32_t                 *kernel_sp;             /**< kernel stack point */
S    rt_list_t                   sibling;                /**< next thread of same process */
S
S    struct lwp_thread_signal    signal;                 /**< lwp signal for user-space thread */
S    struct rt_user_context      user_ctx;               /**< user space context */
S    struct rt_wakeup            wakeup_handle;          /**< wakeup handle for IPC */
S    rt_atomic_t                 exit_request;           /**< pending exit request of thread */
S    int                         tid;                    /**< thread ID used by process */
S    int                         tid_ref_count;          /**< reference of tid */
S    void                        *susp_recycler;         /**< suspended recycler on this thread */
S    void                        *robust_list;           /**< pi lock, very carefully, it's a userspace list!*/
S
S#ifndef ARCH_MM_MMU
S    lwp_sighandler_t            signal_handler[32];
S#else
S    int                         step_exec;
S    int                         debug_attach_req;
S    int                         debug_ret_user;
S    int                         debug_suspend;
S    struct rt_hw_exp_stack      *regs;
S    void                        *thread_idr;            /** lwp thread indicator */
S    int                         *clear_child_tid;
S#endif /* ARCH_MM_MMU */
N#endif /* RT_USING_SMART */
N
N#ifdef RT_USING_CPU_USAGE_TRACER
S    rt_ubase_t                  user_time;              /**< Ticks on user */
S    rt_ubase_t                  system_time;            /**< Ticks on system */
N#endif /* RT_USING_CPU_USAGE_TRACER */
N
N#ifdef RT_USING_MEM_PROTECTION
S    void *mem_regions;
S#ifdef RT_USING_HW_STACK_GUARD
S    void *stack_buf;
S#endif /* RT_USING_HW_STACK_GUARD */
N#endif /* RT_USING_MEM_PROTECTION */
N
N    struct rt_spinlock          spinlock;
N    rt_ubase_t                  user_data;              /**< private user data beyond this thread */
N};
Ntypedef struct rt_thread *rt_thread_t;
N
N#ifdef RT_USING_SMART
S#define LWP_IS_USER_MODE(t) ((t)->user_ctx.ctx == RT_NULL)
N#else
N#define LWP_IS_USER_MODE(t) (0)
N#endif /* RT_USING_SMART */
N
N/**@}*/
N
N/**
N * @addtogroup group_thread_comm
N */
N
N/**@{*/
N
N/**
N * IPC flags and control command definitions
N */
N#define RT_IPC_FLAG_FIFO                0x00            /**< FIFOed IPC. @ref group_thread_comm. */
N#define RT_IPC_FLAG_PRIO                0x01            /**< PRIOed IPC. @ref group_thread_comm. */
N
N#define RT_IPC_CMD_UNKNOWN              0x00            /**< unknown IPC command */
N#define RT_IPC_CMD_RESET                0x01            /**< reset IPC object */
N#define RT_IPC_CMD_GET_STATE            0x02            /**< get the state of IPC object */
N#define RT_IPC_CMD_SET_VLIMIT           0x03            /**< set max limit value of IPC value */
N
N#define RT_WAITING_FOREVER              -1              /**< Block forever until get resource. */
N#define RT_WAITING_NO                   0               /**< Non-block. */
N
N/**
N * Base structure of IPC object
N */
Nstruct rt_ipc_object
N{
N    struct rt_object parent;                            /**< inherit from rt_object */
N
N    rt_list_t suspend_thread;                 /**< threads pended on this resource */
N};
N
N/**
N * @addtogroup group_semaphore Semaphore
N * @{
N */
N
N#ifdef RT_USING_SEMAPHORE
N/**
N * Semaphore structure
N */
Nstruct rt_semaphore
N{
N    struct rt_ipc_object parent;                        /**< inherit from ipc_object */
N
N    rt_uint16_t          value;                         /**< value of semaphore. */
N    rt_uint16_t          max_value;
N    struct rt_spinlock   spinlock;
N};
Ntypedef struct rt_semaphore *rt_sem_t;
N#endif /* RT_USING_SEMAPHORE */
N
N/**@}*/
N
N/**
N * @addtogroup group_mutex Mutex
N * @{
N */
N
N#ifdef RT_USING_MUTEX
N/**
N * Mutual exclusion (mutex) structure
N */
Nstruct rt_mutex
N{
N    struct rt_ipc_object parent;                        /**< inherit from ipc_object */
N
N    rt_uint8_t           ceiling_priority;              /**< the priority ceiling of mutexe */
N    rt_uint8_t           priority;                      /**< the maximal priority for pending thread */
N    rt_uint8_t           hold;                          /**< numbers of thread hold the mutex */
N    rt_uint8_t           reserved;                      /**< reserved field */
N
N    struct rt_thread    *owner;                         /**< current owner of mutex */
N    rt_list_t            taken_list;                    /**< the object list taken by thread */
N    struct rt_spinlock   spinlock;
N};
Ntypedef struct rt_mutex *rt_mutex_t;
N#endif /* RT_USING_MUTEX */
N
N/**@}*/
N
N/**
N * @addtogroup group_event Event
N * @{
N */
N
N#ifdef RT_USING_EVENT
S/**
S * flag definitions in event
S */
S#define RT_EVENT_FLAG_AND               0x01            /**< logic and */
S#define RT_EVENT_FLAG_OR                0x02            /**< logic or */
S#define RT_EVENT_FLAG_CLEAR             0x04            /**< clear flag */
S
S/*
S * event structure
S */
Sstruct rt_event
S{
S    struct rt_ipc_object parent;                        /**< inherit from ipc_object */
S
S    rt_uint32_t          set;                           /**< event set */
S    struct rt_spinlock   spinlock;
S};
Stypedef struct rt_event *rt_event_t;
N#endif /* RT_USING_EVENT */
N
N/**@}*/
N
N/**
N * @addtogroup group_mailbox MailBox
N * @{
N */
N
N#ifdef RT_USING_MAILBOX
N/**
N * mailbox structure
N */
Nstruct rt_mailbox
N{
N    struct rt_ipc_object parent;                        /**< inherit from ipc_object */
N
N    rt_ubase_t          *msg_pool;                      /**< start address of message buffer */
N
N    rt_uint16_t          size;                          /**< size of message pool */
N
N    rt_uint16_t          entry;                         /**< index of messages in msg_pool */
N    rt_uint16_t          in_offset;                     /**< input offset of the message buffer */
N    rt_uint16_t          out_offset;                    /**< output offset of the message buffer */
N
N    rt_list_t            suspend_sender_thread;         /**< sender thread suspended on this mailbox */
N    struct rt_spinlock   spinlock;
N};
Ntypedef struct rt_mailbox *rt_mailbox_t;
N#endif /* RT_USING_MAILBOX */
N
N/**@}*/
N
N/**
N * @addtogroup group_messagequeue Message Queue
N * @{
N */
N
N#ifdef RT_USING_MESSAGEQUEUE
N/**
N * message queue structure
N */
Nstruct rt_messagequeue
N{
N    struct rt_ipc_object parent;                        /**< inherit from ipc_object */
N
N    void                *msg_pool;                      /**< start address of message queue */
N
N    rt_uint16_t          msg_size;                      /**< message size of each message */
N    rt_uint16_t          max_msgs;                      /**< max number of messages */
N
N    rt_uint16_t          entry;                         /**< index of messages in the queue */
N
N    void                *msg_queue_head;                /**< list head */
N    void                *msg_queue_tail;                /**< list tail */
N    void                *msg_queue_free;                /**< pointer indicated the free node of queue */
N
N    rt_list_t            suspend_sender_thread;         /**< sender thread suspended on this message queue */
N    struct rt_spinlock   spinlock;
N};
Ntypedef struct rt_messagequeue *rt_mq_t;
N#endif /* RT_USING_MESSAGEQUEUE */
N
N/**@}*/
N
N/**@}*/
N
N/**
N * @addtogroup group_memory_management
N */
N
N/**@{*/
N
N#ifdef RT_USING_HEAP
N/*
N * memory structure
N */
Nstruct rt_memory
N{
N    struct rt_object        parent;                 /**< inherit from rt_object */
N    const char *            algorithm;              /**< Memory management algorithm name */
N    rt_ubase_t              address;                /**< memory start address */
N    rt_size_t               total;                  /**< memory size */
N    rt_size_t               used;                   /**< size used */
N    rt_size_t               max;                    /**< maximum usage */
N};
Ntypedef struct rt_memory *rt_mem_t;
N#endif /* RT_USING_HEAP */
N
N/*
N * memory management
N * heap & partition
N */
N
N#ifdef RT_USING_SMALL_MEM
Ntypedef rt_mem_t rt_smem_t;
N#endif /* RT_USING_SMALL_MEM */
N
N#ifdef RT_USING_SLAB
Stypedef rt_mem_t rt_slab_t;
N#endif /* RT_USING_SLAB */
N
N#ifdef RT_USING_MEMHEAP
S/**
S * memory item on the heap
S */
Sstruct rt_memheap_item
S{
S    rt_uint32_t             magic;                      /**< magic number for memheap */
S    struct rt_memheap      *pool_ptr;                   /**< point of pool */
S
S    struct rt_memheap_item *next;                       /**< next memheap item */
S    struct rt_memheap_item *prev;                       /**< prev memheap item */
S
S    struct rt_memheap_item *next_free;                  /**< next free memheap item */
S    struct rt_memheap_item *prev_free;                  /**< prev free memheap item */
S#ifdef RT_USING_MEMTRACE
S    rt_uint8_t              owner_thread_name[4];       /**< owner thread name */
S#endif /* RT_USING_MEMTRACE */
S};
S
S/**
S * Base structure of memory heap object
S */
Sstruct rt_memheap
S{
S    struct rt_object        parent;                     /**< inherit from rt_object */
S
S    void                   *start_addr;                 /**< pool start address and size */
S
S    rt_size_t               pool_size;                  /**< pool size */
S    rt_size_t               available_size;             /**< available size */
S    rt_size_t               max_used_size;              /**< maximum allocated size */
S
S    struct rt_memheap_item *block_list;                 /**< used block list */
S
S    struct rt_memheap_item *free_list;                  /**< free block list */
S    struct rt_memheap_item  free_header;                /**< free block list header */
S
S    struct rt_semaphore     lock;                       /**< semaphore lock */
S    rt_bool_t               locked;                     /**< External lock mark */
S};
N#endif /* RT_USING_MEMHEAP */
N
N#ifdef RT_USING_MEMPOOL
S/**
S * Base structure of Memory pool object
S */
Sstruct rt_mempool
S{
S    struct rt_object    parent;                            /**< inherit from rt_object */
S
S    void                *start_address;                     /**< memory pool start */
S    rt_size_t           size;                              /**< size of memory pool */
S
S    rt_size_t           block_size;                        /**< size of memory blocks */
S    rt_uint8_t          *block_list;                        /**< memory blocks list */
S
S    rt_size_t           block_total_count;                 /**< numbers of memory block */
S    rt_size_t           block_free_count;                  /**< numbers of free memory block */
S
S    rt_list_t           suspend_thread;                    /**< threads pended on this resource */
S    struct rt_spinlock  spinlock;
S};
Stypedef struct rt_mempool *rt_mp_t;
N#endif /* RT_USING_MEMPOOL */
N
N/**@}*/
N
N#ifdef RT_USING_DEVICE
N/**
N * @addtogroup group_device_driver
N */
N
N/**@{*/
N
N/**
N * device (I/O) class type
N */
Nenum rt_device_class_type
N{
N    RT_Device_Class_Char = 0,                           /**< character device */
N    RT_Device_Class_Block,                              /**< block device */
N    RT_Device_Class_NetIf,                              /**< net interface */
N    RT_Device_Class_MTD,                                /**< memory device */
N    RT_Device_Class_CAN,                                /**< CAN device */
N    RT_Device_Class_RTC,                                /**< RTC device */
N    RT_Device_Class_Sound,                              /**< Sound device */
N    RT_Device_Class_Graphic,                            /**< Graphic device */
N    RT_Device_Class_I2CBUS,                             /**< I2C bus device */
N    RT_Device_Class_USBDevice,                          /**< USB slave device */
N    RT_Device_Class_USBHost,                            /**< USB host bus */
N    RT_Device_Class_USBOTG,                             /**< USB OTG bus */
N    RT_Device_Class_SPIBUS,                             /**< SPI bus device */
N    RT_Device_Class_SPIDevice,                          /**< SPI device */
N    RT_Device_Class_SDIO,                               /**< SDIO bus device */
N    RT_Device_Class_PM,                                 /**< PM pseudo device */
N    RT_Device_Class_Pipe,                               /**< Pipe device */
N    RT_Device_Class_Portal,                             /**< Portal device */
N    RT_Device_Class_Timer,                              /**< Timer device */
N    RT_Device_Class_Miscellaneous,                      /**< Miscellaneous device */
N    RT_Device_Class_Sensor,                             /**< Sensor device */
N    RT_Device_Class_Touch,                              /**< Touch device */
N    RT_Device_Class_PHY,                                /**< PHY device */
N    RT_Device_Class_Security,                           /**< Security device */
N    RT_Device_Class_WLAN,                               /**< WLAN device */
N    RT_Device_Class_Pin,                                /**< Pin device */
N    RT_Device_Class_ADC,                                /**< ADC device */
N    RT_Device_Class_DAC,                                /**< DAC device */
N    RT_Device_Class_WDT,                                /**< WDT device */
N    RT_Device_Class_PWM,                                /**< PWM device */
N    RT_Device_Class_Bus,                                /**< Bus device */
N    RT_Device_Class_Unknown                             /**< unknown device */
N};
N
N/**
N * device flags definitions
N */
N#define RT_DEVICE_FLAG_DEACTIVATE       0x000           /**< device is not not initialized */
N
N#define RT_DEVICE_FLAG_RDONLY           0x001           /**< read only */
N#define RT_DEVICE_FLAG_WRONLY           0x002           /**< write only */
N#define RT_DEVICE_FLAG_RDWR             0x003           /**< read and write */
N
N#define RT_DEVICE_FLAG_REMOVABLE        0x004           /**< removable device */
N#define RT_DEVICE_FLAG_STANDALONE       0x008           /**< standalone device */
N#define RT_DEVICE_FLAG_ACTIVATED        0x010           /**< device is activated */
N#define RT_DEVICE_FLAG_SUSPENDED        0x020           /**< device is suspended */
N#define RT_DEVICE_FLAG_STREAM           0x040           /**< stream mode */
N#define RT_DEVICE_FLAG_DYNAMIC          0x080           /**< device is determined when open() */
N
N#define RT_DEVICE_FLAG_INT_RX           0x100           /**< INT mode on Rx */
N#define RT_DEVICE_FLAG_DMA_RX           0x200           /**< DMA mode on Rx */
N#define RT_DEVICE_FLAG_INT_TX           0x400           /**< INT mode on Tx */
N#define RT_DEVICE_FLAG_DMA_TX           0x800           /**< DMA mode on Tx */
N
N#define RT_DEVICE_OFLAG_CLOSE           0x000           /**< device is closed */
N#define RT_DEVICE_OFLAG_RDONLY          0x001           /**< read only access */
N#define RT_DEVICE_OFLAG_WRONLY          0x002           /**< write only access */
N#define RT_DEVICE_OFLAG_RDWR            0x003           /**< read and write */
N#define RT_DEVICE_OFLAG_OPEN            0x008           /**< device is opened */
N#define RT_DEVICE_OFLAG_MASK            0xf0f           /**< mask of open flag */
N
N/**
N * general device commands
N * 0x01 - 0x1F general device control commands
N * 0x20 - 0x3F udevice control commands
N * 0x40 -      special device control commands
N */
N#define RT_DEVICE_CTRL_RESUME           0x01            /**< resume device */
N#define RT_DEVICE_CTRL_SUSPEND          0x02            /**< suspend device */
N#define RT_DEVICE_CTRL_CONFIG           0x03            /**< configure device */
N#define RT_DEVICE_CTRL_CLOSE            0x04            /**< close device */
N#define RT_DEVICE_CTRL_NOTIFY_SET       0x05            /**< set notify func */
N#define RT_DEVICE_CTRL_SET_INT          0x06            /**< set interrupt */
N#define RT_DEVICE_CTRL_CLR_INT          0x07            /**< clear interrupt */
N#define RT_DEVICE_CTRL_GET_INT          0x08            /**< get interrupt status */
N#define RT_DEVICE_CTRL_CONSOLE_OFLAG    0x09            /**< get console open flag */
N#define RT_DEVICE_CTRL_MASK             0x1f            /**< mask for contrl commands */
N
N/**
N * device control
N */
N#define RT_DEVICE_CTRL_BASE(Type)        ((RT_Device_Class_##Type + 1) * 0x100)
N
Ntypedef struct rt_driver *rt_driver_t;
Ntypedef struct rt_device *rt_device_t;
N
N#ifdef RT_USING_DEVICE_OPS
S/**
S * operations set for device object
S */
Sstruct rt_device_ops
S{
S    /* common device interface */
S    rt_err_t  (*init)   (rt_device_t dev);
S    rt_err_t  (*open)   (rt_device_t dev, rt_uint16_t oflag);
S    rt_err_t  (*close)  (rt_device_t dev);
S    rt_ssize_t (*read)  (rt_device_t dev, rt_off_t pos, void *buffer, rt_size_t size);
S    rt_ssize_t (*write) (rt_device_t dev, rt_off_t pos, const void *buffer, rt_size_t size);
S    rt_err_t  (*control)(rt_device_t dev, int cmd, void *args);
S};
N#endif /* RT_USING_DEVICE_OPS */
N
N/**
N * WaitQueue structure
N */
Nstruct rt_wqueue
N{
N    rt_uint32_t flag;
N    rt_list_t waiting_list;
N    struct rt_spinlock spinlock;
N};
Ntypedef struct rt_wqueue rt_wqueue_t;
N
N#ifdef RT_USING_DM
Sstruct rt_driver;
Sstruct rt_bus;
N#endif /* RT_USING_DM */
N
N/**
N * Device structure
N */
Nstruct rt_device
N{
N    struct rt_object          parent;                   /**< inherit from rt_object */
N
N#ifdef RT_USING_DM
S    struct rt_bus *bus;                                 /**< the bus mounting to */
S    rt_list_t node;                                     /**< to mount on bus */
S    struct rt_driver *drv;                              /**< driver for powering the device */
S#ifdef RT_USING_OFW
S    void *ofw_node;                                     /**< ofw node get from device tree */
S#endif /* RT_USING_OFW */
S    void *power_domain_unit;
S#ifdef RT_USING_DMA
S    const void *dma_ops;
S#endif
N#endif /* RT_USING_DM */
N
N    enum rt_device_class_type type;                     /**< device type */
N    rt_uint16_t               flag;                     /**< device flag */
N    rt_uint16_t               open_flag;                /**< device open flag */
N
N    rt_uint8_t                ref_count;                /**< reference count */
N#ifdef RT_USING_DM
S    rt_uint8_t                master_id;                /**< 0 - 255 */
N#endif
N    rt_uint8_t                device_id;                /**< 0 - 255 */
N
N    /* device call back */
N    rt_err_t (*rx_indicate)(rt_device_t dev, rt_size_t size);
N    rt_err_t (*tx_complete)(rt_device_t dev, void *buffer);
N
N#ifdef RT_USING_DEVICE_OPS
S    const struct rt_device_ops *ops;
N#else
N    /* common device interface */
N    rt_err_t  (*init)   (rt_device_t dev);
N    rt_err_t  (*open)   (rt_device_t dev, rt_uint16_t oflag);
N    rt_err_t  (*close)  (rt_device_t dev);
N    rt_ssize_t (*read)  (rt_device_t dev, rt_off_t pos, void *buffer, rt_size_t size);
N    rt_ssize_t (*write) (rt_device_t dev, rt_off_t pos, const void *buffer, rt_size_t size);
N    rt_err_t  (*control)(rt_device_t dev, int cmd, void *args);
N#endif /* RT_USING_DEVICE_OPS */
N
N#ifdef RT_USING_POSIX_DEVIO
S    const struct dfs_file_ops *fops;
S    struct rt_wqueue wait_queue;
N#endif /* RT_USING_POSIX_DEVIO */
N
N    rt_err_t (*readlink)
N        (rt_device_t dev, char *buf, int len);          /**< for dynamic device */
N
N    void                     *user_data;                /**< device private data */
N};
N
N/**
N * Notify structure
N */
Nstruct rt_device_notify
N{
N    void (*notify)(rt_device_t dev);
N    struct rt_device *dev;
N};
N
N#ifdef RT_USING_SMART
Sstruct rt_channel
S{
S    struct rt_ipc_object parent;                        /**< inherit from object */
S    struct rt_thread *reply;                            /**< the thread will be reply */
S    struct rt_spinlock slock;                           /**< spinlock of this channel */
S    rt_list_t wait_msg;                                 /**< the wait queue of sender msg */
S    rt_list_t wait_thread;                              /**< the wait queue of sender thread */
S    rt_wqueue_t reader_queue;                           /**< channel poll queue */
S    rt_uint8_t  stat;                                   /**< the status of this channel */
S    rt_ubase_t  ref;
S};
Stypedef struct rt_channel *rt_channel_t;
N#endif /* RT_USING_SMART */
N
N/**@}*/
N#endif /* RT_USING_DEVICE */
N
N#ifdef __cplusplus
S}
N#endif
N
N#ifdef __cplusplus
S/* RT-Thread definitions for C++ */
Snamespace rtthread {
S
Senum TICK_WAIT {
S    WAIT_NONE = 0,
S    WAIT_FOREVER = -1,
S};
S
S}
S
N#endif /* __cplusplus */
N
N#endif /* __RT_DEF_H__ */
L 24 "..\RT-Thread\include\rthw.h" 2
N
N#if defined (RT_USING_CACHE) || defined(RT_USING_SMP) || defined(RT_HW_INCLUDE_CPUPORT)
X#if 0L || 0L || 0L
S#include <cpuport.h> /* include spinlock, cache ops, etc. */
N#endif
N
N#ifdef __cplusplus
Sextern "C" {
N#endif
N
N/*
N * Some macros define
N */
N#ifndef HWREG64
N#define HWREG64(x)          (*((volatile rt_uint64_t *)(x)))
N#endif
N#ifndef HWREG32
N#define HWREG32(x)          (*((volatile rt_uint32_t *)(x)))
N#endif
N#ifndef HWREG16
N#define HWREG16(x)          (*((volatile rt_uint16_t *)(x)))
N#endif
N#ifndef HWREG8
N#define HWREG8(x)           (*((volatile rt_uint8_t *)(x)))
N#endif
N
N#ifndef RT_CPU_CACHE_LINE_SZ
N#define RT_CPU_CACHE_LINE_SZ    32
N#endif
N
Nenum RT_HW_CACHE_OPS
N{
N    RT_HW_CACHE_FLUSH      = 0x01,
N    RT_HW_CACHE_INVALIDATE = 0x02,
N};
N
N/*
N * CPU interfaces
N */
N#ifdef RT_USING_CACHE
S
S#ifdef RT_USING_SMART
S#include <cache.h>
S#endif
S
Svoid rt_hw_cpu_icache_enable(void);
Svoid rt_hw_cpu_icache_disable(void);
Srt_base_t rt_hw_cpu_icache_status(void);
Svoid rt_hw_cpu_icache_ops(int ops, void* addr, int size);
S
Svoid rt_hw_cpu_dcache_enable(void);
Svoid rt_hw_cpu_dcache_disable(void);
Srt_base_t rt_hw_cpu_dcache_status(void);
Svoid rt_hw_cpu_dcache_ops(int ops, void* addr, int size);
N#else
N
N/* define cache ops as empty */
N#define rt_hw_cpu_icache_enable(...)
N#define rt_hw_cpu_icache_disable(...)
N#define rt_hw_cpu_icache_ops(...)
N#define rt_hw_cpu_dcache_enable(...)
N#define rt_hw_cpu_dcache_disable(...)
N#define rt_hw_cpu_dcache_ops(...)
N
N#define rt_hw_cpu_icache_status(...) 0
N#define rt_hw_cpu_dcache_status(...) 0
N
N#endif
N
Nvoid rt_hw_cpu_reset(void);
Nvoid rt_hw_cpu_shutdown(void);
N
Nconst char *rt_hw_cpu_arch(void);
N
Nrt_uint8_t *rt_hw_stack_init(void       *entry,
N                             void       *parameter,
N                             rt_uint8_t *stack_addr,
N                             void       *exit);
N
N#ifdef RT_USING_HW_STACK_GUARD
Svoid rt_hw_stack_guard_init(rt_thread_t thread);
N#endif
N
N/*
N * Interrupt handler definition
N */
Ntypedef void (*rt_isr_handler_t)(int vector, void *param);
N
Nstruct rt_irq_desc
N{
N    rt_isr_handler_t handler;
N    void            *param;
N
N#ifdef RT_USING_INTERRUPT_INFO
S    char             name[RT_NAME_MAX];
S    rt_uint32_t      counter;
S#ifdef RT_USING_SMP
S    rt_ubase_t       cpu_counter[RT_CPUS_NR];
S#endif
N#endif
N};
N
N/*
N * Interrupt interfaces
N */
Nvoid rt_hw_interrupt_init(void);
Nvoid rt_hw_interrupt_mask(int vector);
Nvoid rt_hw_interrupt_umask(int vector);
Nrt_isr_handler_t rt_hw_interrupt_install(int              vector,
N                                         rt_isr_handler_t handler,
N                                         void            *param,
N                                         const char      *name);
Nvoid rt_hw_interrupt_uninstall(int              vector,
N                               rt_isr_handler_t handler,
N                               void            *param);
N
N#ifdef RT_USING_SMP
Srt_base_t rt_hw_local_irq_disable(void);
Svoid rt_hw_local_irq_enable(rt_base_t level);
S
Srt_base_t rt_cpus_lock(void);
Svoid rt_cpus_unlock(rt_base_t level);
S
S#define rt_hw_interrupt_disable rt_cpus_lock
S#define rt_hw_interrupt_enable rt_cpus_unlock
N#else
Nrt_base_t rt_hw_interrupt_disable(void);
Nvoid rt_hw_interrupt_enable(rt_base_t level);
N
N#define rt_hw_local_irq_disable rt_hw_interrupt_disable
N#define rt_hw_local_irq_enable rt_hw_interrupt_enable
N
N#endif /*RT_USING_SMP*/
Nrt_bool_t rt_hw_interrupt_is_disabled(void);
N
N/*
N * Context interfaces
N */
N#ifdef RT_USING_SMP
Svoid rt_hw_context_switch(rt_ubase_t from, rt_ubase_t to, struct rt_thread *to_thread);
Svoid rt_hw_context_switch_to(rt_ubase_t to, struct rt_thread *to_thread);
Svoid rt_hw_context_switch_interrupt(void *context, rt_ubase_t from, rt_ubase_t to, struct rt_thread *to_thread);
N#else
Nvoid rt_hw_context_switch(rt_ubase_t from, rt_ubase_t to);
Nvoid rt_hw_context_switch_to(rt_ubase_t to);
Nvoid rt_hw_context_switch_interrupt(rt_ubase_t from, rt_ubase_t to, rt_thread_t from_thread, rt_thread_t to_thread);
N#endif /*RT_USING_SMP*/
N
N/**
N * Hardware Layer Backtrace Service
N */
Nstruct rt_hw_backtrace_frame {
N    rt_uintptr_t fp;
N    rt_uintptr_t pc;
N};
N
Nrt_err_t rt_hw_backtrace_frame_get(rt_thread_t thread, struct rt_hw_backtrace_frame *frame);
N
Nrt_err_t rt_hw_backtrace_frame_unwind(rt_thread_t thread, struct rt_hw_backtrace_frame *frame);
N
Nvoid rt_hw_console_output(const char *str);
N
Nvoid rt_hw_show_memory(rt_uint32_t addr, rt_size_t size);
N
N/*
N * Exception interfaces
N */
Nvoid rt_hw_exception_install(rt_err_t (*exception_handle)(void *context));
N
N/*
N * delay interfaces
N */
Nvoid rt_hw_us_delay(rt_uint32_t us);
N
Nint rt_hw_cpu_id(void);
N
N#if defined(RT_USING_SMP) || defined(RT_USING_AMP)
X#if 0L || 0L
S/**
S *  ipi function
S */
Svoid rt_hw_ipi_send(int ipi_vector, unsigned int cpu_mask);
N#endif
N
N#ifdef RT_USING_SMP
S
Svoid rt_hw_spin_lock_init(rt_hw_spinlock_t *lock);
Svoid rt_hw_spin_lock(rt_hw_spinlock_t *lock);
Svoid rt_hw_spin_unlock(rt_hw_spinlock_t *lock);
S
Sextern rt_hw_spinlock_t _cpus_lock;
S
S#define __RT_HW_SPIN_LOCK_INITIALIZER(lockname) {0}
S
S#define __RT_HW_SPIN_LOCK_UNLOCKED(lockname)    \
S    (rt_hw_spinlock_t) __RT_HW_SPIN_LOCK_INITIALIZER(lockname)
X#define __RT_HW_SPIN_LOCK_UNLOCKED(lockname)        (rt_hw_spinlock_t) __RT_HW_SPIN_LOCK_INITIALIZER(lockname)
S
S#define RT_DEFINE_HW_SPINLOCK(x)  rt_hw_spinlock_t x = __RT_HW_SPIN_LOCK_UNLOCKED(x)
S
S/**
S * boot secondary cpu
S */
Svoid rt_hw_secondary_cpu_up(void);
S
S/**
S * secondary cpu idle function
S */
Svoid rt_hw_secondary_cpu_idle_exec(void);
S
N#else /* !RT_USING_SMP */
N
N#define RT_DEFINE_HW_SPINLOCK(x)    rt_ubase_t x
N
N#define rt_hw_spin_lock(lock)     *(lock) = rt_hw_interrupt_disable()
N#define rt_hw_spin_unlock(lock)   rt_hw_interrupt_enable(*(lock))
N
N
N#endif /* RT_USING_SMP */
N
N#ifndef RT_USING_CACHE
N    #define rt_hw_isb()
N    #define rt_hw_dmb()
N    #define rt_hw_dsb()
N#endif /* RT_USING_CACHE */
N
N#ifdef __cplusplus
S}
N#endif
N
N#endif
L 23 "..\RT-Thread\src\mempool.c" 2
N#include <rtthread.h>
L 1 "..\RT-Thread\include\rtthread.h" 1
N/*
N * Copyright (c) 2006-2024 RT-Thread Development Team
N *
N * SPDX-License-Identifier: Apache-2.0
N *
N * Change Logs:
N * Date           Author       Notes
N * 2006-03-18     Bernard      the first version
N * 2006-04-26     Bernard      add semaphore APIs
N * 2006-08-10     Bernard      add version information
N * 2007-01-28     Bernard      rename RT_OBJECT_Class_Static to RT_Object_Class_Static
N * 2007-03-03     Bernard      clean up the definitions to rtdef.h
N * 2010-04-11     yi.qiu       add module feature
N * 2013-06-24     Bernard      add rt_kprintf re-define when not use RT_USING_CONSOLE.
N * 2016-08-09     ArdaFu       add new thread and interrupt hook.
N * 2018-11-22     Jesven       add all cpu's lock and ipi handler
N * 2021-02-28     Meco Man     add RT_KSERVICE_USING_STDLIB
N * 2021-11-14     Meco Man     add rtlegacy.h for compatibility
N * 2022-06-04     Meco Man     remove strnlen
N * 2023-05-20     Bernard      add rtatomic.h header file to included files.
N * 2023-06-30     ChuShicheng  move debug check from the rtdebug.h
N * 2023-10-16     Shell        Support a new backtrace framework
N * 2023-12-10     xqyjlj       fix spinlock in up
N * 2024-01-25     Shell        Add rt_susp_list for IPC primitives
N * 2024-03-10     Meco Man     move std libc related functions to rtklibc
N */
N
N#ifndef __RT_THREAD_H__
N#define __RT_THREAD_H__
N
N#include <rtconfig.h>
N#include <rtdef.h>
N#include <rtservice.h>
L 1 "..\RT-Thread\include\rtservice.h" 1
N/*
N * Copyright (c) 2006-2021, RT-Thread Development Team
N *
N * SPDX-License-Identifier: Apache-2.0
N *
N * Change Logs:
N * Date           Author       Notes
N * 2006-03-16     Bernard      the first version
N * 2006-09-07     Bernard      move the kservice APIs to rtthread.h
N * 2007-06-27     Bernard      fix the rt_list_remove bug
N * 2012-03-22     Bernard      rename kservice.h to rtservice.h
N * 2017-11-15     JasonJia     Modify rt_slist_foreach to rt_slist_for_each_entry.
N *                             Make code cleanup.
N * 2024-01-03     Shell        add rt_slist_pop()
N */
N
N#ifndef __RT_SERVICE_H__
N#define __RT_SERVICE_H__
N
N#include <rtdef.h>
N
N#ifdef __cplusplus
Sextern "C" {
N#endif
N
N/**
N * @addtogroup group_kernel_service
N */
N
N/**@{*/
N
N/**
N * rt_container_of - return the start address of struct type, while ptr is the
N * member of struct type.
N */
N#define rt_container_of(ptr, type, member) \
N    ((type *)((char *)(ptr) - (unsigned long)(&((type *)0)->member)))
X#define rt_container_of(ptr, type, member)     ((type *)((char *)(ptr) - (unsigned long)(&((type *)0)->member)))
N
N
N/**
N * @brief initialize a list object
N */
N#define RT_LIST_OBJECT_INIT(object) { &(object), &(object) }
N
N/**
N * @brief initialize a list
N *
N * @param l list to be initialized
N */
Nrt_inline void rt_list_init(rt_list_t *l)
Xstatic __inline void rt_list_init(rt_list_t *l)
N{
N    l->next = l->prev = l;
N}
N
N/**
N * @brief insert a node after a list
N *
N * @param l list to insert it
N * @param n new node to be inserted
N */
Nrt_inline void rt_list_insert_after(rt_list_t *l, rt_list_t *n)
Xstatic __inline void rt_list_insert_after(rt_list_t *l, rt_list_t *n)
N{
N    l->next->prev = n;
N    n->next = l->next;
N
N    l->next = n;
N    n->prev = l;
N}
N
N/**
N * @brief insert a node before a list
N *
N * @param n new node to be inserted
N * @param l list to insert it
N */
Nrt_inline void rt_list_insert_before(rt_list_t *l, rt_list_t *n)
Xstatic __inline void rt_list_insert_before(rt_list_t *l, rt_list_t *n)
N{
N    l->prev->next = n;
N    n->prev = l->prev;
N
N    l->prev = n;
N    n->next = l;
N}
N
N/**
N * @brief remove node from list.
N * @param n the node to remove from the list.
N */
Nrt_inline void rt_list_remove(rt_list_t *n)
Xstatic __inline void rt_list_remove(rt_list_t *n)
N{
N    n->next->prev = n->prev;
N    n->prev->next = n->next;
N
N    n->next = n->prev = n;
N}
N
N/**
N * @brief tests whether a list is empty
N * @param l the list to test.
N */
Nrt_inline int rt_list_isempty(const rt_list_t *l)
Xstatic __inline int rt_list_isempty(const rt_list_t *l)
N{
N    return l->next == l;
N}
N
N/**
N * @brief get the list length
N * @param l the list to get.
N */
Nrt_inline unsigned int rt_list_len(const rt_list_t *l)
Xstatic __inline unsigned int rt_list_len(const rt_list_t *l)
N{
N    unsigned int len = 0;
N    const rt_list_t *p = l;
N    while (p->next != l)
N    {
N        p = p->next;
N        len ++;
N    }
N
N    return len;
N}
N
N/**
N * @brief get the struct for this entry
N * @param node the entry point
N * @param type the type of structure
N * @param member the name of list in structure
N */
N#define rt_list_entry(node, type, member) \
N    rt_container_of(node, type, member)
X#define rt_list_entry(node, type, member)     rt_container_of(node, type, member)
N
N/**
N * rt_list_for_each - iterate over a list
N * @param pos the rt_list_t * to use as a loop cursor.
N * @param head the head for your list.
N */
N#define rt_list_for_each(pos, head) \
N    for (pos = (head)->next; pos != (head); pos = pos->next)
X#define rt_list_for_each(pos, head)     for (pos = (head)->next; pos != (head); pos = pos->next)
N
N/**
N * rt_list_for_each_safe - iterate over a list safe against removal of list entry
N * @param pos the rt_list_t * to use as a loop cursor.
N * @param n another rt_list_t * to use as temporary storage
N * @param head the head for your list.
N */
N#define rt_list_for_each_safe(pos, n, head) \
N    for (pos = (head)->next, n = pos->next; pos != (head); \
N        pos = n, n = pos->next)
X#define rt_list_for_each_safe(pos, n, head)     for (pos = (head)->next, n = pos->next; pos != (head);         pos = n, n = pos->next)
N
N/**
N * rt_list_for_each_entry  -   iterate over list of given type
N * @param pos the type * to use as a loop cursor.
N * @param head the head for your list.
N * @param member the name of the list_struct within the struct.
N */
N#define rt_list_for_each_entry(pos, head, member) \
N    for (pos = rt_list_entry((head)->next, rt_typeof(*pos), member); \
N         &pos->member != (head); \
N         pos = rt_list_entry(pos->member.next, rt_typeof(*pos), member))
X#define rt_list_for_each_entry(pos, head, member)     for (pos = rt_list_entry((head)->next, rt_typeof(*pos), member);          &pos->member != (head);          pos = rt_list_entry(pos->member.next, rt_typeof(*pos), member))
N
N/**
N * rt_list_for_each_entry_safe - iterate over list of given type safe against removal of list entry
N * @param pos the type * to use as a loop cursor.
N * @param n another type * to use as temporary storage
N * @param head the head for your list.
N * @param member the name of the list_struct within the struct.
N */
N#define rt_list_for_each_entry_safe(pos, n, head, member) \
N    for (pos = rt_list_entry((head)->next, rt_typeof(*pos), member), \
N         n = rt_list_entry(pos->member.next, rt_typeof(*pos), member); \
N         &pos->member != (head); \
N         pos = n, n = rt_list_entry(n->member.next, rt_typeof(*n), member))
X#define rt_list_for_each_entry_safe(pos, n, head, member)     for (pos = rt_list_entry((head)->next, rt_typeof(*pos), member),          n = rt_list_entry(pos->member.next, rt_typeof(*pos), member);          &pos->member != (head);          pos = n, n = rt_list_entry(n->member.next, rt_typeof(*n), member))
N
N/**
N * rt_list_first_entry - get the first element from a list
N * @param ptr the list head to take the element from.
N * @param type the type of the struct this is embedded in.
N * @param member the name of the list_struct within the struct.
N *
N * Note, that list is expected to be not empty.
N */
N#define rt_list_first_entry(ptr, type, member) \
N    rt_list_entry((ptr)->next, type, member)
X#define rt_list_first_entry(ptr, type, member)     rt_list_entry((ptr)->next, type, member)
N
N#define RT_SLIST_OBJECT_INIT(object) { RT_NULL }
N
N/**
N * @brief initialize a single list
N *
N * @param l the single list to be initialized
N */
Nrt_inline void rt_slist_init(rt_slist_t *l)
Xstatic __inline void rt_slist_init(rt_slist_t *l)
N{
N    l->next = RT_NULL;
X    l->next = 0;
N}
N
Nrt_inline void rt_slist_append(rt_slist_t *l, rt_slist_t *n)
Xstatic __inline void rt_slist_append(rt_slist_t *l, rt_slist_t *n)
N{
N    struct rt_slist_node *node;
N
N    node = l;
N    while (node->next) node = node->next;
N
N    /* append the node to the tail */
N    node->next = n;
N    n->next = RT_NULL;
X    n->next = 0;
N}
N
Nrt_inline void rt_slist_insert(rt_slist_t *l, rt_slist_t *n)
Xstatic __inline void rt_slist_insert(rt_slist_t *l, rt_slist_t *n)
N{
N    n->next = l->next;
N    l->next = n;
N}
N
Nrt_inline unsigned int rt_slist_len(const rt_slist_t *l)
Xstatic __inline unsigned int rt_slist_len(const rt_slist_t *l)
N{
N    unsigned int len = 0;
N    const rt_slist_t *list = l->next;
N    while (list != RT_NULL)
X    while (list != 0)
N    {
N        list = list->next;
N        len ++;
N    }
N
N    return len;
N}
N
Nrt_inline rt_slist_t *rt_slist_pop(rt_slist_t *l)
Xstatic __inline rt_slist_t *rt_slist_pop(rt_slist_t *l)
N{
N    struct rt_slist_node *node = l;
N
N    /* remove node */
N    node = node->next;
N    if (node != (rt_slist_t *)0)
N    {
N        ((struct rt_slist_node *)l)->next = node->next;
N        node->next = RT_NULL;
X        node->next = 0;
N    }
N
N    return node;
N}
N
Nrt_inline rt_slist_t *rt_slist_remove(rt_slist_t *l, rt_slist_t *n)
Xstatic __inline rt_slist_t *rt_slist_remove(rt_slist_t *l, rt_slist_t *n)
N{
N    /* remove slist head */
N    struct rt_slist_node *node = l;
N    while (node->next && node->next != n) node = node->next;
N
N    /* remove node */
N    if (node->next != (rt_slist_t *)0)
N    {
N        node->next = node->next->next;
N        n->next = RT_NULL;
X        n->next = 0;
N    }
N
N    return l;
N}
N
Nrt_inline rt_slist_t *rt_slist_first(rt_slist_t *l)
Xstatic __inline rt_slist_t *rt_slist_first(rt_slist_t *l)
N{
N    return l->next;
N}
N
Nrt_inline rt_slist_t *rt_slist_tail(rt_slist_t *l)
Xstatic __inline rt_slist_t *rt_slist_tail(rt_slist_t *l)
N{
N    while (l->next) l = l->next;
N
N    return l;
N}
N
Nrt_inline rt_slist_t *rt_slist_next(rt_slist_t *n)
Xstatic __inline rt_slist_t *rt_slist_next(rt_slist_t *n)
N{
N    return n->next;
N}
N
Nrt_inline int rt_slist_isempty(rt_slist_t *l)
Xstatic __inline int rt_slist_isempty(rt_slist_t *l)
N{
N    return l->next == RT_NULL;
X    return l->next == 0;
N}
N
N/**
N * @brief get the struct for this single list node
N * @param node the entry point
N * @param type the type of structure
N * @param member the name of list in structure
N */
N#define rt_slist_entry(node, type, member) \
N    rt_container_of(node, type, member)
X#define rt_slist_entry(node, type, member)     rt_container_of(node, type, member)
N
N/**
N * rt_slist_for_each - iterate over a single list
N * @param pos the rt_slist_t * to use as a loop cursor.
N * @param head the head for your single list.
N */
N#define rt_slist_for_each(pos, head) \
N    for (pos = (head)->next; pos != RT_NULL; pos = pos->next)
X#define rt_slist_for_each(pos, head)     for (pos = (head)->next; pos != RT_NULL; pos = pos->next)
N
N/**
N * rt_slist_for_each_entry  -   iterate over single list of given type
N * @param pos the type * to use as a loop cursor.
N * @param head the head for your single list.
N * @param member the name of the list_struct within the struct.
N */
N#define rt_slist_for_each_entry(pos, head, member) \
N    for (pos = ((head)->next == (RT_NULL) ? (RT_NULL) : rt_slist_entry((head)->next, rt_typeof(*pos), member)); \
N         pos != (RT_NULL) && &pos->member != (RT_NULL); \
N         pos = (pos->member.next == (RT_NULL) ? (RT_NULL) : rt_slist_entry(pos->member.next, rt_typeof(*pos), member)))
X#define rt_slist_for_each_entry(pos, head, member)     for (pos = ((head)->next == (RT_NULL) ? (RT_NULL) : rt_slist_entry((head)->next, rt_typeof(*pos), member));          pos != (RT_NULL) && &pos->member != (RT_NULL);          pos = (pos->member.next == (RT_NULL) ? (RT_NULL) : rt_slist_entry(pos->member.next, rt_typeof(*pos), member)))
N
N/**
N * rt_slist_first_entry - get the first element from a slist
N * @param ptr the slist head to take the element from.
N * @param type the type of the struct this is embedded in.
N * @param member the name of the slist_struct within the struct.
N *
N * Note, that slist is expected to be not empty.
N */
N#define rt_slist_first_entry(ptr, type, member) \
N    rt_slist_entry((ptr)->next, type, member)
X#define rt_slist_first_entry(ptr, type, member)     rt_slist_entry((ptr)->next, type, member)
N
N/**
N * rt_slist_tail_entry - get the tail element from a slist
N * @param ptr the slist head to take the element from.
N * @param type the type of the struct this is embedded in.
N * @param member the name of the slist_struct within the struct.
N *
N * Note, that slist is expected to be not empty.
N */
N#define rt_slist_tail_entry(ptr, type, member) \
N    rt_slist_entry(rt_slist_tail(ptr), type, member)
X#define rt_slist_tail_entry(ptr, type, member)     rt_slist_entry(rt_slist_tail(ptr), type, member)
N
N/**@}*/
N
N#ifdef __cplusplus
S}
N#endif
N
N#endif
L 34 "..\RT-Thread\include\rtthread.h" 2
N#include <rtm.h>
L 1 "..\RT-Thread\include\rtm.h" 1
N/*
N * Copyright (c) 2006-2021, RT-Thread Development Team
N *
N * SPDX-License-Identifier: Apache-2.0
N *
N * Change Logs:
N * Date           Author       Notes
N */
N
N#ifndef __RTM_H__
N#define __RTM_H__
N
N#include <rtdef.h>
N#include <rtthread.h>
L 1 "..\RT-Thread\include\rtthread.h" 1
N/*
N * Copyright (c) 2006-2024 RT-Thread Development Team
N *
N * SPDX-License-Identifier: Apache-2.0
N *
N * Change Logs:
N * Date           Author       Notes
N * 2006-03-18     Bernard      the first version
N * 2006-04-26     Bernard      add semaphore APIs
N * 2006-08-10     Bernard      add version information
N * 2007-01-28     Bernard      rename RT_OBJECT_Class_Static to RT_Object_Class_Static
N * 2007-03-03     Bernard      clean up the definitions to rtdef.h
N * 2010-04-11     yi.qiu       add module feature
N * 2013-06-24     Bernard      add rt_kprintf re-define when not use RT_USING_CONSOLE.
N * 2016-08-09     ArdaFu       add new thread and interrupt hook.
N * 2018-11-22     Jesven       add all cpu's lock and ipi handler
N * 2021-02-28     Meco Man     add RT_KSERVICE_USING_STDLIB
N * 2021-11-14     Meco Man     add rtlegacy.h for compatibility
N * 2022-06-04     Meco Man     remove strnlen
N * 2023-05-20     Bernard      add rtatomic.h header file to included files.
N * 2023-06-30     ChuShicheng  move debug check from the rtdebug.h
N * 2023-10-16     Shell        Support a new backtrace framework
N * 2023-12-10     xqyjlj       fix spinlock in up
N * 2024-01-25     Shell        Add rt_susp_list for IPC primitives
N * 2024-03-10     Meco Man     move std libc related functions to rtklibc
N */
N
N#ifndef __RT_THREAD_H__
S#define __RT_THREAD_H__
S
S#include <rtconfig.h>
S#include <rtdef.h>
S#include <rtservice.h>
S#include <rtm.h>
S#include <rtatomic.h>
S#include <rtklibc.h>
S#ifdef RT_USING_LEGACY
S#include <rtlegacy.h>
S#endif
S#ifdef RT_USING_FINSH
S#include <finsh.h>
S#endif /* RT_USING_FINSH */
S
S#ifdef __cplusplus
Sextern "C" {
S#endif
S
S#ifdef __GNUC__
Sint entry(void);
S#endif
S
S/**
S * @addtogroup group_object_management
S * @{
S */
S
S/*
S * kernel object interface
S */
Sstruct rt_object_information *
Srt_object_get_information(enum rt_object_class_type type);
Sint rt_object_get_length(enum rt_object_class_type type);
Sint rt_object_get_pointers(enum rt_object_class_type type, rt_object_t *pointers, int maxlen);
S
Svoid rt_object_init(struct rt_object         *object,
S                    enum rt_object_class_type type,
S                    const char               *name);
Svoid rt_object_detach(rt_object_t object);
S#ifdef RT_USING_HEAP
Srt_object_t rt_object_allocate(enum rt_object_class_type type, const char *name);
Svoid rt_object_delete(rt_object_t object);
S/* custom object */
Srt_object_t rt_custom_object_create(const char *name, void *data, rt_err_t (*data_destroy)(void *));
Srt_err_t rt_custom_object_destroy(rt_object_t obj);
S#endif /* RT_USING_HEAP */
Srt_bool_t rt_object_is_systemobject(rt_object_t object);
Srt_uint8_t rt_object_get_type(rt_object_t object);
Srt_err_t rt_object_for_each(rt_uint8_t type, rt_object_iter_t iter, void *data);
Srt_object_t rt_object_find(const char *name, rt_uint8_t type);
Srt_err_t rt_object_get_name(rt_object_t object, char *name, rt_uint8_t name_size);
S
S#ifdef RT_USING_HOOK
Svoid rt_object_attach_sethook(void (*hook)(struct rt_object *object));
Svoid rt_object_detach_sethook(void (*hook)(struct rt_object *object));
Svoid rt_object_trytake_sethook(void (*hook)(struct rt_object *object));
Svoid rt_object_take_sethook(void (*hook)(struct rt_object *object));
Svoid rt_object_put_sethook(void (*hook)(struct rt_object *object));
S#endif /* RT_USING_HOOK */
S
S/**@}*/
S
S/**
S * @addtogroup group_clock_management
S * @{
S */
S
S/*
S * clock & timer interface
S */
Srt_tick_t rt_tick_get(void);
Srt_tick_t rt_tick_get_delta(rt_tick_t base);
Svoid rt_tick_set(rt_tick_t tick);
Svoid rt_tick_increase(void);
Svoid rt_tick_increase_tick(rt_tick_t tick);
Srt_tick_t  rt_tick_from_millisecond(rt_int32_t ms);
Srt_tick_t rt_tick_get_millisecond(void);
S#ifdef RT_USING_HOOK
Svoid rt_tick_sethook(void (*hook)(void));
S#endif /* RT_USING_HOOK */
S
Svoid rt_system_timer_init(void);
Svoid rt_system_timer_thread_init(void);
S
Svoid rt_timer_init(rt_timer_t  timer,
S                   const char *name,
S                   void (*timeout)(void *parameter),
S                   void       *parameter,
S                   rt_tick_t   time,
S                   rt_uint8_t  flag);
Srt_err_t rt_timer_detach(rt_timer_t timer);
S#ifdef RT_USING_HEAP
Srt_timer_t rt_timer_create(const char *name,
S                           void (*timeout)(void *parameter),
S                           void       *parameter,
S                           rt_tick_t   time,
S                           rt_uint8_t  flag);
Srt_err_t rt_timer_delete(rt_timer_t timer);
S#endif /* RT_USING_HEAP */
Srt_err_t rt_timer_start(rt_timer_t timer);
Srt_err_t rt_timer_stop(rt_timer_t timer);
Srt_err_t rt_timer_control(rt_timer_t timer, int cmd, void *arg);
Srt_tick_t rt_timer_next_timeout_tick(void);
Svoid rt_timer_check(void);
S#ifdef RT_USING_HOOK
Svoid rt_timer_enter_sethook(void (*hook)(struct rt_timer *timer));
Svoid rt_timer_exit_sethook(void (*hook)(struct rt_timer *timer));
S#endif /* RT_USING_HOOK */
S
S/**@}*/
S
S/**
S * @addtogroup group_thread_management
S * @{
S */
S
S/*
S * thread interface
S */
Srt_err_t rt_thread_init(struct rt_thread *thread,
S                        const char       *name,
S                        void (*entry)(void *parameter),
S                        void             *parameter,
S                        void             *stack_start,
S                        rt_uint32_t       stack_size,
S                        rt_uint8_t        priority,
S                        rt_uint32_t       tick);
Srt_err_t rt_thread_detach(rt_thread_t thread);
S#ifdef RT_USING_HEAP
Srt_thread_t rt_thread_create(const char *name,
S                             void (*entry)(void *parameter),
S                             void       *parameter,
S                             rt_uint32_t stack_size,
S                             rt_uint8_t  priority,
S                             rt_uint32_t tick);
Srt_err_t rt_thread_delete(rt_thread_t thread);
S#endif /* RT_USING_HEAP */
Srt_err_t rt_thread_close(rt_thread_t thread);
Srt_thread_t rt_thread_self(void);
Srt_thread_t rt_thread_find(char *name);
Srt_err_t rt_thread_startup(rt_thread_t thread);
Srt_err_t rt_thread_yield(void);
Srt_err_t rt_thread_delay(rt_tick_t tick);
Srt_err_t rt_thread_delay_until(rt_tick_t *tick, rt_tick_t inc_tick);
Srt_err_t rt_thread_mdelay(rt_int32_t ms);
Srt_err_t rt_thread_control(rt_thread_t thread, int cmd, void *arg);
Srt_err_t rt_thread_suspend(rt_thread_t thread);
Srt_err_t rt_thread_suspend_with_flag(rt_thread_t thread, int suspend_flag);
Srt_err_t rt_thread_resume(rt_thread_t thread);
S#ifdef RT_USING_SMART
Srt_err_t rt_thread_wakeup(rt_thread_t thread);
Svoid rt_thread_wakeup_set(struct rt_thread *thread, rt_wakeup_func_t func, void* user_data);
S#endif /* RT_USING_SMART */
Srt_err_t rt_thread_get_name(rt_thread_t thread, char *name, rt_uint8_t name_size);
S#ifdef RT_USING_SIGNALS
Svoid rt_thread_alloc_sig(rt_thread_t tid);
Svoid rt_thread_free_sig(rt_thread_t tid);
Sint  rt_thread_kill(rt_thread_t tid, int sig);
S#endif /* RT_USING_SIGNALS */
S#ifdef RT_USING_HOOK
Svoid rt_thread_suspend_sethook(void (*hook)(rt_thread_t thread));
Svoid rt_thread_resume_sethook (void (*hook)(rt_thread_t thread));
S
S/**
S * @brief Sets a hook function when a thread is initialized.
S *
S * @param thread is the target thread that initializing
S */
Stypedef void (*rt_thread_inited_hookproto_t)(rt_thread_t thread);
SRT_OBJECT_HOOKLIST_DECLARE(rt_thread_inited_hookproto_t, rt_thread_inited);
S
S#endif /* RT_USING_HOOK */
S
S/*
S * idle thread interface
S */
Svoid rt_thread_idle_init(void);
S#if defined(RT_USING_HOOK) || defined(RT_USING_IDLE_HOOK)
Srt_err_t rt_thread_idle_sethook(void (*hook)(void));
Srt_err_t rt_thread_idle_delhook(void (*hook)(void));
S#endif /* defined(RT_USING_HOOK) || defined(RT_USING_IDLE_HOOK) */
Srt_thread_t rt_thread_idle_gethandler(void);
S
S/*
S * schedule service
S */
Svoid rt_system_scheduler_init(void);
Svoid rt_system_scheduler_start(void);
S
Svoid rt_schedule(void);
Svoid rt_scheduler_do_irq_switch(void *context);
S
S#ifdef RT_USING_OVERFLOW_CHECK
Svoid rt_scheduler_stack_check(struct rt_thread *thread);
S
S#define RT_SCHEDULER_STACK_CHECK(thr) rt_scheduler_stack_check(thr)
S
S#else /* !RT_USING_OVERFLOW_CHECK */
S
S#define RT_SCHEDULER_STACK_CHECK(thr)
S
S#endif /* RT_USING_OVERFLOW_CHECK */
S
Srt_base_t rt_enter_critical(void);
Svoid rt_exit_critical(void);
Svoid rt_exit_critical_safe(rt_base_t critical_level);
Srt_uint16_t rt_critical_level(void);
S
S#ifdef RT_USING_HOOK
Svoid rt_scheduler_sethook(void (*hook)(rt_thread_t from, rt_thread_t to));
Svoid rt_scheduler_switch_sethook(void (*hook)(struct rt_thread *tid));
S#endif /* RT_USING_HOOK */
S
S#ifdef RT_USING_SMP
Svoid rt_secondary_cpu_entry(void);
Svoid rt_scheduler_ipi_handler(int vector, void *param);
S#endif /* RT_USING_SMP */
S
S/**@}*/
S
S/**
S * @addtogroup group_signal
S * @{
S */
S#ifdef RT_USING_SIGNALS
Svoid rt_signal_mask(int signo);
Svoid rt_signal_unmask(int signo);
Svoid *rt_signal_check(void* context);
Srt_sighandler_t rt_signal_install(int signo, rt_sighandler_t handler);
Sint rt_signal_wait(const rt_sigset_t *set, rt_siginfo_t *si, rt_int32_t timeout);
Sint rt_system_signal_init(void);
S#endif /* RT_USING_SIGNALS */
S/**@}*/
S
S/**
S * @addtogroup group_memory_management
S * @{
S */
S
S/*
S * memory management interface
S */
S#ifdef RT_USING_MEMPOOL
S/*
S * memory pool interface
S */
Srt_err_t rt_mp_init(struct rt_mempool *mp,
S                    const char        *name,
S                    void              *start,
S                    rt_size_t          size,
S                    rt_size_t          block_size);
Srt_err_t rt_mp_detach(struct rt_mempool *mp);
S#ifdef RT_USING_HEAP
Srt_mp_t rt_mp_create(const char *name,
S                     rt_size_t   block_count,
S                     rt_size_t   block_size);
Srt_err_t rt_mp_delete(rt_mp_t mp);
S#endif /* RT_USING_HEAP */
Svoid *rt_mp_alloc(rt_mp_t mp, rt_int32_t time);
Svoid rt_mp_free(void *block);
S#ifdef RT_USING_HOOK
Svoid rt_mp_alloc_sethook(void (*hook)(struct rt_mempool *mp, void *block));
Svoid rt_mp_free_sethook(void (*hook)(struct rt_mempool *mp, void *block));
S#endif /* RT_USING_HOOK */
S
S#endif /* RT_USING_MEMPOOL */
S
S#ifdef RT_USING_HEAP
S/*
S * heap memory interface
S */
Svoid rt_system_heap_init(void *begin_addr, void *end_addr);
Svoid rt_system_heap_init_generic(void *begin_addr, void *end_addr);
S
Svoid *rt_malloc(rt_size_t size);
Svoid rt_free(void *ptr);
Svoid *rt_realloc(void *ptr, rt_size_t newsize);
Svoid *rt_calloc(rt_size_t count, rt_size_t size);
Svoid *rt_malloc_align(rt_size_t size, rt_size_t align);
Svoid rt_free_align(void *ptr);
S
Svoid rt_memory_info(rt_size_t *total,
S                    rt_size_t *used,
S                    rt_size_t *max_used);
S
S#if defined(RT_USING_SLAB) && defined(RT_USING_SLAB_AS_HEAP)
Svoid *rt_page_alloc(rt_size_t npages);
Svoid rt_page_free(void *addr, rt_size_t npages);
S#endif /* defined(RT_USING_SLAB) && defined(RT_USING_SLAB_AS_HEAP) */
S
S/**
S * @ingroup group_hook
S * @{
S */
S
S#ifdef RT_USING_HOOK
Svoid rt_malloc_sethook(void (*hook)(void **ptr, rt_size_t size));
Svoid rt_realloc_set_entry_hook(void (*hook)(void **ptr, rt_size_t size));
Svoid rt_realloc_set_exit_hook(void (*hook)(void **ptr, rt_size_t size));
Svoid rt_free_sethook(void (*hook)(void **ptr));
S#endif /* RT_USING_HOOK */
S/**@}*/
S
S#endif /* RT_USING_HEAP */
S
S#ifdef RT_USING_SMALL_MEM
S/**
S * small memory object interface
S */
Srt_smem_t rt_smem_init(const char    *name,
S                     void          *begin_addr,
S                     rt_size_t      size);
Srt_err_t rt_smem_detach(rt_smem_t m);
Svoid *rt_smem_alloc(rt_smem_t m, rt_size_t size);
Svoid *rt_smem_realloc(rt_smem_t m, void *rmem, rt_size_t newsize);
Svoid rt_smem_free(void *rmem);
S#endif /* RT_USING_SMALL_MEM */
S
S#ifdef RT_USING_MEMHEAP
S/**
S * memory heap object interface
S */
Srt_err_t rt_memheap_init(struct rt_memheap *memheap,
S                         const char        *name,
S                         void              *start_addr,
S                         rt_size_t         size);
Srt_err_t rt_memheap_detach(struct rt_memheap *heap);
Svoid *rt_memheap_alloc(struct rt_memheap *heap, rt_size_t size);
Svoid *rt_memheap_realloc(struct rt_memheap *heap, void *ptr, rt_size_t newsize);
Svoid rt_memheap_free(void *ptr);
Svoid rt_memheap_info(struct rt_memheap *heap,
S                     rt_size_t *total,
S                     rt_size_t *used,
S                     rt_size_t *max_used);
S#endif /* RT_USING_MEMHEAP */
S
S#ifdef RT_USING_MEMHEAP_AS_HEAP
S/**
S * memory heap as heap
S */
Svoid *_memheap_alloc(struct rt_memheap *heap, rt_size_t size);
Svoid _memheap_free(void *rmem);
Svoid *_memheap_realloc(struct rt_memheap *heap, void *rmem, rt_size_t newsize);
S#endif
S
S#ifdef RT_USING_SLAB
S/**
S * slab object interface
S */
Srt_slab_t rt_slab_init(const char *name, void *begin_addr, rt_size_t size);
Srt_err_t rt_slab_detach(rt_slab_t m);
Svoid *rt_slab_page_alloc(rt_slab_t m, rt_size_t npages);
Svoid rt_slab_page_free(rt_slab_t m, void *addr, rt_size_t npages);
Svoid *rt_slab_alloc(rt_slab_t m, rt_size_t size);
Svoid *rt_slab_realloc(rt_slab_t m, void *ptr, rt_size_t size);
Svoid rt_slab_free(rt_slab_t m, void *ptr);
S#endif /* RT_USING_SLAB */
S
S/**@}*/
S
S/**
S * @addtogroup group_thread_comm
S * @{
S */
S
S/**
S * Suspend list - A basic building block for IPC primitives which interacts with
S *                scheduler directly. Its API is similar to a FIFO list.
S *
S * Note: don't use in application codes directly
S */
Svoid rt_susp_list_print(rt_list_t *list);
S/* reserve thread error while resuming it */
S#define RT_THREAD_RESUME_RES_THR_ERR (-1)
Sstruct rt_thread *rt_susp_list_dequeue(rt_list_t *susp_list, rt_err_t thread_error);
Srt_err_t rt_susp_list_resume_all(rt_list_t *susp_list, rt_err_t thread_error);
Srt_err_t rt_susp_list_resume_all_irq(rt_list_t *susp_list,
S                                     rt_err_t thread_error,
S                                     struct rt_spinlock *lock);
S
S/* suspend and enqueue */
Srt_err_t rt_thread_suspend_to_list(rt_thread_t thread, rt_list_t *susp_list, int ipc_flags, int suspend_flag);
S/* only for a suspended thread, and caller must hold the scheduler lock */
Srt_err_t rt_susp_list_enqueue(rt_list_t *susp_list, rt_thread_t thread, int ipc_flags);
S
S/**
S * @addtogroup group_semaphore Semaphore
S * @{
S */
S
S#ifdef RT_USING_SEMAPHORE
S/*
S * semaphore interface
S */
Srt_err_t rt_sem_init(rt_sem_t    sem,
S                     const char *name,
S                     rt_uint32_t value,
S                     rt_uint8_t  flag);
Srt_err_t rt_sem_detach(rt_sem_t sem);
S#ifdef RT_USING_HEAP
Srt_sem_t rt_sem_create(const char *name, rt_uint32_t value, rt_uint8_t flag);
Srt_err_t rt_sem_delete(rt_sem_t sem);
S#endif /* RT_USING_HEAP */
S
Srt_err_t rt_sem_take(rt_sem_t sem, rt_int32_t timeout);
Srt_err_t rt_sem_take_interruptible(rt_sem_t sem, rt_int32_t timeout);
Srt_err_t rt_sem_take_killable(rt_sem_t sem, rt_int32_t timeout);
Srt_err_t rt_sem_trytake(rt_sem_t sem);
Srt_err_t rt_sem_release(rt_sem_t sem);
Srt_err_t rt_sem_control(rt_sem_t sem, int cmd, void *arg);
S#endif /* RT_USING_SEMAPHORE */
S
S/**@}*/
S
S/**
S * @addtogroup group_mutex Mutex
S * @{
S */
S
S#ifdef RT_USING_MUTEX
S/*
S * mutex interface
S */
Srt_err_t rt_mutex_init(rt_mutex_t mutex, const char *name, rt_uint8_t flag);
Srt_err_t rt_mutex_detach(rt_mutex_t mutex);
S#ifdef RT_USING_HEAP
Srt_mutex_t rt_mutex_create(const char *name, rt_uint8_t flag);
Srt_err_t rt_mutex_delete(rt_mutex_t mutex);
S#endif /* RT_USING_HEAP */
Svoid rt_mutex_drop_thread(rt_mutex_t mutex, rt_thread_t thread);
Srt_uint8_t rt_mutex_setprioceiling(rt_mutex_t mutex, rt_uint8_t priority);
Srt_uint8_t rt_mutex_getprioceiling(rt_mutex_t mutex);
S
Srt_err_t rt_mutex_take(rt_mutex_t mutex, rt_int32_t timeout);
Srt_err_t rt_mutex_trytake(rt_mutex_t mutex);
Srt_err_t rt_mutex_take_interruptible(rt_mutex_t mutex, rt_int32_t time);
Srt_err_t rt_mutex_take_killable(rt_mutex_t mutex, rt_int32_t time);
Srt_err_t rt_mutex_release(rt_mutex_t mutex);
Srt_err_t rt_mutex_control(rt_mutex_t mutex, int cmd, void *arg);
S
Srt_inline rt_thread_t rt_mutex_get_owner(rt_mutex_t mutex)
S{
S    return mutex->owner;
S}
Srt_inline rt_ubase_t rt_mutex_get_hold(rt_mutex_t mutex)
S{
S    return mutex->hold;
S}
S
S#endif /* RT_USING_MUTEX */
S
S/**@}*/
S
S/**
S * @addtogroup group_event Event
S * @{
S */
S
S#ifdef RT_USING_EVENT
S/*
S * event interface
S */
Srt_err_t rt_event_init(rt_event_t event, const char *name, rt_uint8_t flag);
Srt_err_t rt_event_detach(rt_event_t event);
S#ifdef RT_USING_HEAP
Srt_event_t rt_event_create(const char *name, rt_uint8_t flag);
Srt_err_t rt_event_delete(rt_event_t event);
S#endif /* RT_USING_HEAP */
S
Srt_err_t rt_event_send(rt_event_t event, rt_uint32_t set);
Srt_err_t rt_event_recv(rt_event_t   event,
S                       rt_uint32_t  set,
S                       rt_uint8_t   opt,
S                       rt_int32_t   timeout,
S                       rt_uint32_t *recved);
Srt_err_t rt_event_recv_interruptible(rt_event_t   event,
S                       rt_uint32_t  set,
S                       rt_uint8_t   opt,
S                       rt_int32_t   timeout,
S                       rt_uint32_t *recved);
Srt_err_t rt_event_recv_killable(rt_event_t   event,
S                       rt_uint32_t  set,
S                       rt_uint8_t   opt,
S                       rt_int32_t   timeout,
S                       rt_uint32_t *recved);
Srt_err_t rt_event_control(rt_event_t event, int cmd, void *arg);
S#endif /* RT_USING_EVENT */
S
S/**@}*/
S
S/**
S * @addtogroup group_mailbox MailBox
S * @{
S */
S
S#ifdef RT_USING_MAILBOX
S/*
S * mailbox interface
S */
Srt_err_t rt_mb_init(rt_mailbox_t mb,
S                    const char  *name,
S                    void        *msgpool,
S                    rt_size_t    size,
S                    rt_uint8_t   flag);
Srt_err_t rt_mb_detach(rt_mailbox_t mb);
S#ifdef RT_USING_HEAP
Srt_mailbox_t rt_mb_create(const char *name, rt_size_t size, rt_uint8_t flag);
Srt_err_t rt_mb_delete(rt_mailbox_t mb);
S#endif /* RT_USING_HEAP */
S
Srt_err_t rt_mb_send(rt_mailbox_t mb, rt_ubase_t value);
Srt_err_t rt_mb_send_interruptible(rt_mailbox_t mb, rt_ubase_t value);
Srt_err_t rt_mb_send_killable(rt_mailbox_t mb, rt_ubase_t value);
Srt_err_t rt_mb_send_wait(rt_mailbox_t mb,
S                         rt_ubase_t  value,
S                         rt_int32_t   timeout);
Srt_err_t rt_mb_send_wait_interruptible(rt_mailbox_t mb,
S                         rt_ubase_t  value,
S                         rt_int32_t   timeout);
Srt_err_t rt_mb_send_wait_killable(rt_mailbox_t mb,
S                         rt_ubase_t  value,
S                         rt_int32_t   timeout);
Srt_err_t rt_mb_urgent(rt_mailbox_t mb, rt_ubase_t value);
Srt_err_t rt_mb_recv(rt_mailbox_t mb, rt_ubase_t *value, rt_int32_t timeout);
Srt_err_t rt_mb_recv_interruptible(rt_mailbox_t mb, rt_ubase_t *value, rt_int32_t timeout);
Srt_err_t rt_mb_recv_killable(rt_mailbox_t mb, rt_ubase_t *value, rt_int32_t timeout);
Srt_err_t rt_mb_control(rt_mailbox_t mb, int cmd, void *arg);
S#endif /* RT_USING_MAILBOX */
S
S/**@}*/
S
S/**
S * @addtogroup group_messagequeue Message Queue
S * @{
S */
S#ifdef RT_USING_MESSAGEQUEUE
S
Sstruct rt_mq_message
S{
S    struct rt_mq_message *next;
S    rt_ssize_t length;
S#ifdef RT_USING_MESSAGEQUEUE_PRIORITY
S    rt_int32_t prio;
S#endif /* RT_USING_MESSAGEQUEUE_PRIORITY */
S};
S
S#define RT_MQ_BUF_SIZE(msg_size, max_msgs) \
S((RT_ALIGN((msg_size), RT_ALIGN_SIZE) + sizeof(struct rt_mq_message)) * (max_msgs))
X#define RT_MQ_BUF_SIZE(msg_size, max_msgs) ((RT_ALIGN((msg_size), RT_ALIGN_SIZE) + sizeof(struct rt_mq_message)) * (max_msgs))
S
S/*
S * message queue interface
S */
Srt_err_t rt_mq_init(rt_mq_t     mq,
S                    const char *name,
S                    void       *msgpool,
S                    rt_size_t   msg_size,
S                    rt_size_t   pool_size,
S                    rt_uint8_t  flag);
Srt_err_t rt_mq_detach(rt_mq_t mq);
S#ifdef RT_USING_HEAP
Srt_mq_t rt_mq_create(const char *name,
S                     rt_size_t   msg_size,
S                     rt_size_t   max_msgs,
S                     rt_uint8_t  flag);
Srt_err_t rt_mq_delete(rt_mq_t mq);
S#endif /* RT_USING_HEAP */
S
Srt_err_t rt_mq_send(rt_mq_t mq, const void *buffer, rt_size_t size);
Srt_err_t rt_mq_send_interruptible(rt_mq_t mq, const void *buffer, rt_size_t size);
Srt_err_t rt_mq_send_killable(rt_mq_t mq, const void *buffer, rt_size_t size);
Srt_err_t rt_mq_send_wait(rt_mq_t     mq,
S                         const void *buffer,
S                         rt_size_t   size,
S                         rt_int32_t  timeout);
Srt_err_t rt_mq_send_wait_interruptible(rt_mq_t     mq,
S                         const void *buffer,
S                         rt_size_t   size,
S                         rt_int32_t  timeout);
Srt_err_t rt_mq_send_wait_killable(rt_mq_t     mq,
S                         const void *buffer,
S                         rt_size_t   size,
S                         rt_int32_t  timeout);
Srt_err_t rt_mq_urgent(rt_mq_t mq, const void *buffer, rt_size_t size);
Srt_ssize_t rt_mq_recv(rt_mq_t    mq,
S                    void      *buffer,
S                    rt_size_t  size,
S                    rt_int32_t timeout);
Srt_ssize_t rt_mq_recv_interruptible(rt_mq_t    mq,
S                    void      *buffer,
S                    rt_size_t  size,
S                    rt_int32_t timeout);
Srt_ssize_t rt_mq_recv_killable(rt_mq_t    mq,
S                    void      *buffer,
S                    rt_size_t  size,
S                    rt_int32_t timeout);
Srt_err_t rt_mq_control(rt_mq_t mq, int cmd, void *arg);
S
S#ifdef RT_USING_MESSAGEQUEUE_PRIORITY
Srt_err_t rt_mq_send_wait_prio(rt_mq_t mq,
S                              const void *buffer,
S                              rt_size_t size,
S                              rt_int32_t prio,
S                              rt_int32_t timeout,
S                              int suspend_flag);
Srt_ssize_t rt_mq_recv_prio(rt_mq_t mq,
S                           void *buffer,
S                           rt_size_t size,
S                           rt_int32_t *prio,
S                           rt_int32_t timeout,
S                           int suspend_flag);
S#endif /* RT_USING_MESSAGEQUEUE_PRIORITY */
S#endif /* RT_USING_MESSAGEQUEUE */
S
S/**@}*/
S
S/* defunct */
Svoid rt_thread_defunct_init(void);
Svoid rt_thread_defunct_enqueue(rt_thread_t thread);
Srt_thread_t rt_thread_defunct_dequeue(void);
Svoid rt_defunct_execute(void);
S
S/*
S * spinlock
S */
Sstruct rt_spinlock;
S
Svoid rt_spin_lock_init(struct rt_spinlock *lock);
Svoid rt_spin_lock(struct rt_spinlock *lock);
Svoid rt_spin_unlock(struct rt_spinlock *lock);
Srt_base_t rt_spin_lock_irqsave(struct rt_spinlock *lock);
Svoid rt_spin_unlock_irqrestore(struct rt_spinlock *lock, rt_base_t level);
S
S/**@}*/
S
S#ifdef RT_USING_DEVICE
S/**
S * @addtogroup group_device_driver
S * @{
S */
S
S/*
S * device (I/O) system interface
S */
Srt_device_t rt_device_find(const char *name);
S
Srt_err_t rt_device_register(rt_device_t dev,
S                            const char *name,
S                            rt_uint16_t flags);
Srt_err_t rt_device_unregister(rt_device_t dev);
S
S#ifdef RT_USING_HEAP
Srt_device_t rt_device_create(int type, int attach_size);
Svoid rt_device_destroy(rt_device_t device);
S#endif /* RT_USING_HEAP */
S
Srt_err_t
Srt_device_set_rx_indicate(rt_device_t dev,
S                          rt_err_t (*rx_ind)(rt_device_t dev, rt_size_t size));
Srt_err_t
Srt_device_set_tx_complete(rt_device_t dev,
S                          rt_err_t (*tx_done)(rt_device_t dev, void *buffer));
S
Srt_err_t  rt_device_init (rt_device_t dev);
Srt_err_t  rt_device_open (rt_device_t dev, rt_uint16_t oflag);
Srt_err_t  rt_device_close(rt_device_t dev);
Srt_ssize_t rt_device_read(rt_device_t dev,
S                          rt_off_t    pos,
S                          void       *buffer,
S                          rt_size_t   size);
Srt_ssize_t rt_device_write(rt_device_t dev,
S                          rt_off_t    pos,
S                          const void *buffer,
S                          rt_size_t   size);
Srt_err_t  rt_device_control(rt_device_t dev, int cmd, void *arg);
S
S/**@}*/
S#endif /* RT_USING_DEVICE */
S
S/*
S * interrupt service
S */
S
S/*
S * rt_interrupt_enter and rt_interrupt_leave only can be called by BSP
S */
Svoid rt_interrupt_enter(void);
Svoid rt_interrupt_leave(void);
S
Svoid rt_interrupt_context_push(rt_interrupt_context_t this_ctx);
Svoid rt_interrupt_context_pop(void);
Svoid *rt_interrupt_context_get(void);
S
S/**
S * CPU object
S */
Sstruct rt_cpu *rt_cpu_self(void);
Sstruct rt_cpu *rt_cpu_index(int index);
S
S#ifdef RT_USING_SMP
S
S/*
S * smp cpus lock service
S */
S
Srt_base_t rt_cpus_lock(void);
Svoid rt_cpus_unlock(rt_base_t level);
Svoid rt_cpus_lock_status_restore(struct rt_thread *thread);
S
S#ifdef RT_USING_DEBUG
S    rt_base_t rt_cpu_get_id(void);
S#else /* !RT_USING_DEBUG */
S    #define rt_cpu_get_id rt_hw_cpu_id
S#endif /* RT_USING_DEBUG */
S
S#else /* !RT_USING_SMP */
S#define rt_cpu_get_id()  (0)
S
S#endif /* RT_USING_SMP */
S
S/*
S * the number of nested interrupts.
S */
Srt_uint8_t rt_interrupt_get_nest(void);
S
S#ifdef RT_USING_HOOK
Svoid rt_interrupt_enter_sethook(void (*hook)(void));
Svoid rt_interrupt_leave_sethook(void (*hook)(void));
S#endif /* RT_USING_HOOK */
S
S#ifdef RT_USING_COMPONENTS_INIT
Svoid rt_components_init(void);
Svoid rt_components_board_init(void);
S#endif /* RT_USING_COMPONENTS_INIT */
S
S/**
S * @addtogroup group_kernel_service
S * @{
S */
S
S/*
S * general kernel service
S */
S#ifndef RT_USING_CONSOLE
S#define rt_kprintf(...)
S#define rt_kputs(str)
S#else
Sint rt_kprintf(const char *fmt, ...);
Svoid rt_kputs(const char *str);
S#endif /* RT_USING_CONSOLE */
S
Srt_err_t rt_backtrace(void);
Srt_err_t rt_backtrace_thread(rt_thread_t thread);
Srt_err_t rt_backtrace_frame(rt_thread_t thread, struct rt_hw_backtrace_frame *frame);
Srt_err_t rt_backtrace_formatted_print(rt_ubase_t *buffer, long buflen);
Srt_err_t rt_backtrace_to_buffer(rt_thread_t thread, struct rt_hw_backtrace_frame *frame,
S                                long skip, rt_ubase_t *buffer, long buflen);
S
S#if defined(RT_USING_DEVICE) && defined(RT_USING_CONSOLE)
Srt_device_t rt_console_set_device(const char *name);
Srt_device_t rt_console_get_device(void);
S#ifdef RT_USING_THREADSAFE_PRINTF
S    rt_thread_t rt_console_current_user(void);
S#else
S    rt_inline void *rt_console_current_user(void) { return RT_NULL; }
S#endif /* RT_USING_THREADSAFE_PRINTF */
S#endif /* defined(RT_USING_DEVICE) && defined(RT_USING_CONSOLE) */
S
Sint __rt_ffs(int value);
Sunsigned long __rt_ffsl(unsigned long value);
Sunsigned long __rt_clz(unsigned long value);
S
Svoid rt_show_version(void);
S
S#ifdef RT_DEBUGING_ASSERT
Sextern void (*rt_assert_hook)(const char *ex, const char *func, rt_size_t line);
Svoid rt_assert_set_hook(void (*hook)(const char *ex, const char *func, rt_size_t line));
Svoid rt_assert_handler(const char *ex, const char *func, rt_size_t line);
S
S#define RT_ASSERT(EX)                                                         \
Sif (!(EX))                                                                    \
S{                                                                             \
S    rt_assert_handler(#EX, __FUNCTION__, __LINE__);                           \
S}
X#define RT_ASSERT(EX)                                                         if (!(EX))                                                                    {                                                                                 rt_assert_handler(#EX, __FUNCTION__, __LINE__);                           }
S#else
S#define RT_ASSERT(EX) {RT_UNUSED(EX);}
S#endif /* RT_DEBUGING_ASSERT */
S
S#ifdef RT_DEBUGING_CONTEXT
S/* Macro to check current context */
S#define RT_DEBUG_NOT_IN_INTERRUPT                                             \
Sdo                                                                            \
S{                                                                             \
S    if (rt_interrupt_get_nest() != 0)                                         \
S    {                                                                         \
S        rt_kprintf("Function[%s] shall not be used in ISR\n", __FUNCTION__);  \
S        RT_ASSERT(0)                                                          \
S    }                                                                         \
S}                                                                             \
Swhile (0)
X#define RT_DEBUG_NOT_IN_INTERRUPT                                             do                                                                            {                                                                                 if (rt_interrupt_get_nest() != 0)                                             {                                                                                 rt_kprintf("Function[%s] shall not be used in ISR\n", __FUNCTION__);          RT_ASSERT(0)                                                              }                                                                         }                                                                             while (0)
S
S/* "In thread context" means:
S *     1) the scheduler has been started
S *     2) not in interrupt context.
S */
S#define RT_DEBUG_IN_THREAD_CONTEXT                                            \
Sdo                                                                            \
S{                                                                             \
S    if (rt_thread_self() == RT_NULL)                                          \
S    {                                                                         \
S        rt_kprintf("Function[%s] shall not be used before scheduler start\n", \
S                   __FUNCTION__);                                             \
S        RT_ASSERT(0)                                                          \
S    }                                                                         \
S    RT_DEBUG_NOT_IN_INTERRUPT;                                                \
S}                                                                             \
Swhile (0)
X#define RT_DEBUG_IN_THREAD_CONTEXT                                            do                                                                            {                                                                                 if (rt_thread_self() == RT_NULL)                                              {                                                                                 rt_kprintf("Function[%s] shall not be used before scheduler start\n",                    __FUNCTION__);                                                     RT_ASSERT(0)                                                              }                                                                             RT_DEBUG_NOT_IN_INTERRUPT;                                                }                                                                             while (0)
S
S/* "scheduler available" means:
S *     1) the scheduler has been started.
S *     2) not in interrupt context.
S *     3) scheduler is not locked.
S */
S#define RT_DEBUG_SCHEDULER_AVAILABLE(need_check)                              \
Sdo                                                                            \
S{                                                                             \
S    if (need_check)                                                           \
S    {                                                                         \
S        if (rt_critical_level() != 0)                                         \
S        {                                                                     \
S            rt_kprintf("Function[%s]: scheduler is not available\n",          \
S                    __FUNCTION__);                                            \
S            RT_ASSERT(0)                                                      \
S        }                                                                     \
S        RT_DEBUG_IN_THREAD_CONTEXT;                                           \
S    }                                                                         \
S}                                                                             \
Swhile (0)
X#define RT_DEBUG_SCHEDULER_AVAILABLE(need_check)                              do                                                                            {                                                                                 if (need_check)                                                               {                                                                                 if (rt_critical_level() != 0)                                                 {                                                                                 rt_kprintf("Function[%s]: scheduler is not available\n",                              __FUNCTION__);                                                        RT_ASSERT(0)                                                              }                                                                             RT_DEBUG_IN_THREAD_CONTEXT;                                               }                                                                         }                                                                             while (0)
S#else
S#define RT_DEBUG_NOT_IN_INTERRUPT
S#define RT_DEBUG_IN_THREAD_CONTEXT
S#define RT_DEBUG_SCHEDULER_AVAILABLE(need_check)
S#endif /* RT_DEBUGING_CONTEXT */
S
Srt_inline rt_bool_t rt_in_thread_context(void)
S{
S    return rt_thread_self() != RT_NULL && rt_interrupt_get_nest() == 0;
S}
S
S/* is scheduler available */
Srt_inline rt_bool_t rt_scheduler_is_available(void)
S{
S    return rt_critical_level() == 0 && rt_in_thread_context();
S}
S
S#ifdef RT_USING_SMP
S/* is thread bond on core */
Srt_inline rt_bool_t rt_sched_thread_is_binding(rt_thread_t thread)
S{
S    if (thread == RT_NULL)
S    {
S        thread = rt_thread_self();
S    }
S    return !thread || RT_SCHED_CTX(thread).bind_cpu != RT_CPUS_NR;
S}
S
S#else
S#define rt_sched_thread_is_binding(thread) (RT_TRUE)
S#endif
S
S/**@}*/
S
S#ifdef __cplusplus
S}
S#endif
S
N#endif /* __RT_THREAD_H__ */
L 15 "..\RT-Thread\include\rtm.h" 2
N
N#ifdef RT_USING_MODULE
Sstruct rt_module_symtab
S{
S    void       *addr;
S    const char *name;
S};
S
S#if defined(_MSC_VER)
S#pragma section("RTMSymTab$f",read)
S#define RTM_EXPORT(symbol)                                            \
S__declspec(allocate("RTMSymTab$f"))const char __rtmsym_##symbol##_name[] = "__vs_rtm_"#symbol;
X#define RTM_EXPORT(symbol)                                            __declspec(allocate("RTMSymTab$f"))const char __rtmsym_##symbol##_name[] = "__vs_rtm_"#symbol;
S#pragma comment(linker, "/merge:RTMSymTab=mytext")
S
S#elif defined(__MINGW32__)
S#define RTM_EXPORT(symbol)
S
S#else
S#define RTM_EXPORT(symbol)                                            \
Sconst char __rtmsym_##symbol##_name[] rt_section(".rodata.name") = #symbol;     \
Sconst struct rt_module_symtab __rtmsym_##symbol rt_section("RTMSymTab")= \
S{                                                                     \
S    (void *)&symbol,                                                  \
S    __rtmsym_##symbol##_name                                          \
S};
X#define RTM_EXPORT(symbol)                                            const char __rtmsym_##symbol##_name[] rt_section(".rodata.name") = #symbol;     const struct rt_module_symtab __rtmsym_##symbol rt_section("RTMSymTab")= {                                                                         (void *)&symbol,                                                      __rtmsym_##symbol##_name                                          };
S#endif
S
N#else
N#define RTM_EXPORT(symbol)
N#endif
N
N#endif
L 35 "..\RT-Thread\include\rtthread.h" 2
N#include <rtatomic.h>
L 1 "..\RT-Thread\include\rtatomic.h" 1
N/*
N * Copyright (c) 2006-2023, RT-Thread Development Team
N *
N * SPDX-License-Identifier: Apache-2.0
N *
N * Change Logs:
N * Date           Author       Notes
N * 2023-03-14     WangShun     first version
N * 2023-05-20     Bernard      add stdc atomic detection.
N */
N#ifndef __RT_ATOMIC_H__
N#define __RT_ATOMIC_H__
N
N#include <rthw.h>
N
N#if !defined(__cplusplus)
X#if !0L
N
Nrt_atomic_t rt_hw_atomic_load(volatile rt_atomic_t *ptr);
Nvoid rt_hw_atomic_store(volatile rt_atomic_t *ptr, rt_atomic_t val);
Nrt_atomic_t rt_hw_atomic_add(volatile rt_atomic_t *ptr, rt_atomic_t val);
Nrt_atomic_t rt_hw_atomic_sub(volatile rt_atomic_t *ptr, rt_atomic_t val);
Nrt_atomic_t rt_hw_atomic_and(volatile rt_atomic_t *ptr, rt_atomic_t val);
Nrt_atomic_t rt_hw_atomic_or(volatile rt_atomic_t *ptr, rt_atomic_t val);
Nrt_atomic_t rt_hw_atomic_xor(volatile rt_atomic_t *ptr, rt_atomic_t val);
Nrt_atomic_t rt_hw_atomic_exchange(volatile rt_atomic_t *ptr, rt_atomic_t val);
Nvoid rt_hw_atomic_flag_clear(volatile rt_atomic_t *ptr);
Nrt_atomic_t rt_hw_atomic_flag_test_and_set(volatile rt_atomic_t *ptr);
Nrt_atomic_t rt_hw_atomic_compare_exchange_strong(volatile rt_atomic_t *ptr, rt_atomic_t *expected, rt_atomic_t desired);
N
N#if defined(RT_USING_STDC_ATOMIC)
X#if 0L
S
S#ifndef __STDC_NO_ATOMICS__
S#define rt_atomic_load(ptr) atomic_load(ptr)
S#define rt_atomic_store(ptr, v) atomic_store(ptr, v)
S#define rt_atomic_add(ptr, v) atomic_fetch_add(ptr, v)
S#define rt_atomic_sub(ptr, v) atomic_fetch_sub(ptr, v)
S#define rt_atomic_and(ptr, v) atomic_fetch_and(ptr, v)
S#define rt_atomic_or(ptr, v)  atomic_fetch_or(ptr, v)
S#define rt_atomic_xor(ptr, v) atomic_fetch_xor(ptr, v)
S#define rt_atomic_exchange(ptr, v) atomic_exchange(ptr, v)
S#define rt_atomic_flag_clear(ptr) atomic_flag_clear(ptr)
S#define rt_atomic_flag_test_and_set(ptr) atomic_flag_test_and_set(ptr)
S#define rt_atomic_compare_exchange_strong(ptr, v,des) atomic_compare_exchange_strong(ptr, v ,des)
S#else
S#error "The standard library C doesn't support the atomic operation"
S#endif /* __STDC_NO_ATOMICS__ */
S
S#elif defined(RT_USING_HW_ATOMIC)
X#elif 0L
S#define rt_atomic_load(ptr) rt_hw_atomic_load(ptr)
S#define rt_atomic_store(ptr, v) rt_hw_atomic_store(ptr, v)
S#define rt_atomic_add(ptr, v) rt_hw_atomic_add(ptr, v)
S#define rt_atomic_sub(ptr, v) rt_hw_atomic_sub(ptr, v)
S#define rt_atomic_and(ptr, v) rt_hw_atomic_and(ptr, v)
S#define rt_atomic_or(ptr, v)  rt_hw_atomic_or(ptr, v)
S#define rt_atomic_xor(ptr, v) rt_hw_atomic_xor(ptr, v)
S#define rt_atomic_exchange(ptr, v) rt_hw_atomic_exchange(ptr, v)
S#define rt_atomic_flag_clear(ptr) rt_hw_atomic_flag_clear(ptr)
S#define rt_atomic_flag_test_and_set(ptr) rt_hw_atomic_flag_test_and_set(ptr)
S#define rt_atomic_compare_exchange_strong(ptr, v,des) rt_hw_atomic_compare_exchange_strong(ptr, v ,des)
S
N#else
N#include <rthw.h>
N#define rt_atomic_load(ptr) rt_soft_atomic_load(ptr)
N#define rt_atomic_store(ptr, v) rt_soft_atomic_store(ptr, v)
N#define rt_atomic_add(ptr, v) rt_soft_atomic_add(ptr, v)
N#define rt_atomic_sub(ptr, v) rt_soft_atomic_sub(ptr, v)
N#define rt_atomic_and(ptr, v) rt_soft_atomic_and(ptr, v)
N#define rt_atomic_or(ptr, v)  rt_soft_atomic_or(ptr, v)
N#define rt_atomic_xor(ptr, v) rt_soft_atomic_xor(ptr, v)
N#define rt_atomic_exchange(ptr, v) rt_soft_atomic_exchange(ptr, v)
N#define rt_atomic_flag_clear(ptr) rt_soft_atomic_flag_clear(ptr)
N#define rt_atomic_flag_test_and_set(ptr) rt_soft_atomic_flag_test_and_set(ptr)
N#define rt_atomic_compare_exchange_strong(ptr, v,des) rt_soft_atomic_compare_exchange_strong(ptr, v ,des)
N
Nrt_inline rt_atomic_t rt_soft_atomic_exchange(volatile rt_atomic_t *ptr, rt_atomic_t val)
Xstatic __inline rt_atomic_t rt_soft_atomic_exchange(volatile rt_atomic_t *ptr, rt_atomic_t val)
N{
N    rt_base_t level;
N    rt_atomic_t temp;
N    level = rt_hw_interrupt_disable();
N    temp = *ptr;
N    *ptr = val;
N    rt_hw_interrupt_enable(level);
N    return temp;
N}
N
Nrt_inline rt_atomic_t rt_soft_atomic_add(volatile rt_atomic_t *ptr, rt_atomic_t val)
Xstatic __inline rt_atomic_t rt_soft_atomic_add(volatile rt_atomic_t *ptr, rt_atomic_t val)
N{
N    rt_base_t level;
N    rt_atomic_t temp;
N    level = rt_hw_interrupt_disable();
N    temp = *ptr;
N    *ptr += val;
N    rt_hw_interrupt_enable(level);
N    return temp;
N}
N
Nrt_inline rt_atomic_t rt_soft_atomic_sub(volatile rt_atomic_t *ptr, rt_atomic_t val)
Xstatic __inline rt_atomic_t rt_soft_atomic_sub(volatile rt_atomic_t *ptr, rt_atomic_t val)
N{
N    rt_base_t level;
N    rt_atomic_t temp;
N    level = rt_hw_interrupt_disable();
N    temp = *ptr;
N    *ptr -= val;
N    rt_hw_interrupt_enable(level);
N    return temp;
N}
N
Nrt_inline rt_atomic_t rt_soft_atomic_xor(volatile rt_atomic_t *ptr, rt_atomic_t val)
Xstatic __inline rt_atomic_t rt_soft_atomic_xor(volatile rt_atomic_t *ptr, rt_atomic_t val)
N{
N    rt_base_t level;
N    rt_atomic_t temp;
N    level = rt_hw_interrupt_disable();
N    temp = *ptr;
N    *ptr = (*ptr) ^ val;
N    rt_hw_interrupt_enable(level);
N    return temp;
N}
N
Nrt_inline rt_atomic_t rt_soft_atomic_and(volatile rt_atomic_t *ptr, rt_atomic_t val)
Xstatic __inline rt_atomic_t rt_soft_atomic_and(volatile rt_atomic_t *ptr, rt_atomic_t val)
N{
N    rt_base_t level;
N    rt_atomic_t temp;
N    level = rt_hw_interrupt_disable();
N    temp = *ptr;
N    *ptr = (*ptr) & val;
N    rt_hw_interrupt_enable(level);
N    return temp;
N}
N
Nrt_inline rt_atomic_t rt_soft_atomic_or(volatile rt_atomic_t *ptr, rt_atomic_t val)
Xstatic __inline rt_atomic_t rt_soft_atomic_or(volatile rt_atomic_t *ptr, rt_atomic_t val)
N{
N    rt_base_t level;
N    rt_atomic_t temp;
N    level = rt_hw_interrupt_disable();
N    temp = *ptr;
N    *ptr = (*ptr) | val;
N    rt_hw_interrupt_enable(level);
N    return temp;
N}
N
Nrt_inline rt_atomic_t rt_soft_atomic_load(volatile rt_atomic_t *ptr)
Xstatic __inline rt_atomic_t rt_soft_atomic_load(volatile rt_atomic_t *ptr)
N{
N    rt_base_t level;
N    rt_atomic_t temp;
N    level = rt_hw_interrupt_disable();
N    temp = *ptr;
N    rt_hw_interrupt_enable(level);
N    return temp;
N}
N
Nrt_inline void rt_soft_atomic_store(volatile rt_atomic_t *ptr, rt_atomic_t val)
Xstatic __inline void rt_soft_atomic_store(volatile rt_atomic_t *ptr, rt_atomic_t val)
N{
N    rt_base_t level;
N    level = rt_hw_interrupt_disable();
N    *ptr = val;
N    rt_hw_interrupt_enable(level);
N}
N
Nrt_inline rt_atomic_t rt_soft_atomic_flag_test_and_set(volatile rt_atomic_t *ptr)
Xstatic __inline rt_atomic_t rt_soft_atomic_flag_test_and_set(volatile rt_atomic_t *ptr)
N{
N    rt_base_t level;
N    rt_atomic_t temp;
N    level = rt_hw_interrupt_disable();
N    if (*ptr == 0)
N    {
N        temp = 0;
N        *ptr = 1;
N    }
N    else
N        temp = 1;
N    rt_hw_interrupt_enable(level);
N    return temp;
N}
N
Nrt_inline void rt_soft_atomic_flag_clear(volatile rt_atomic_t *ptr)
Xstatic __inline void rt_soft_atomic_flag_clear(volatile rt_atomic_t *ptr)
N{
N    rt_base_t level;
N    level = rt_hw_interrupt_disable();
N    *ptr = 0;
N    rt_hw_interrupt_enable(level);
N}
N
Nrt_inline rt_atomic_t rt_soft_atomic_compare_exchange_strong(volatile rt_atomic_t *ptr1, rt_atomic_t *ptr2,
Xstatic __inline rt_atomic_t rt_soft_atomic_compare_exchange_strong(volatile rt_atomic_t *ptr1, rt_atomic_t *ptr2,
N        rt_atomic_t desired)
N{
N    rt_base_t level;
N    rt_atomic_t temp;
N    level = rt_hw_interrupt_disable();
N    if ((*ptr1) != (*ptr2))
N    {
N        *ptr2 = *ptr1;
N        temp = 0;
N    }
N    else
N    {
N        *ptr1 = desired;
N        temp = 1;
N    }
N    rt_hw_interrupt_enable(level);
N    return temp;
N}
N#endif /* RT_USING_STDC_ATOMIC */
N
Nrt_inline rt_bool_t rt_atomic_dec_and_test(volatile rt_atomic_t *ptr)
Xstatic __inline rt_bool_t rt_atomic_dec_and_test(volatile rt_atomic_t *ptr)
N{
N    return rt_atomic_sub(ptr, 1) == 1;
X    return rt_soft_atomic_sub(ptr, 1) == 1;
N}
N
Nrt_inline rt_atomic_t rt_atomic_fetch_add_unless(volatile rt_atomic_t *ptr, rt_atomic_t a, rt_atomic_t u)
Xstatic __inline rt_atomic_t rt_atomic_fetch_add_unless(volatile rt_atomic_t *ptr, rt_atomic_t a, rt_atomic_t u)
N{
N    rt_atomic_t c = rt_atomic_load(ptr);
X    rt_atomic_t c = rt_soft_atomic_load(ptr);
N
N    do {
N        if (c == u)
N        {
N            break;
N        }
N    } while (!rt_atomic_compare_exchange_strong(ptr, &c, c + a));
X    } while (!rt_soft_atomic_compare_exchange_strong(ptr, &c ,c + a));
N
N    return c;
N}
N
Nrt_inline rt_bool_t rt_atomic_add_unless(volatile rt_atomic_t *ptr, rt_atomic_t a, rt_atomic_t u)
Xstatic __inline rt_bool_t rt_atomic_add_unless(volatile rt_atomic_t *ptr, rt_atomic_t a, rt_atomic_t u)
N{
N    return rt_atomic_fetch_add_unless(ptr, a, u) != u;
N}
N
Nrt_inline rt_bool_t rt_atomic_inc_not_zero(volatile rt_atomic_t *ptr)
Xstatic __inline rt_bool_t rt_atomic_inc_not_zero(volatile rt_atomic_t *ptr)
N{
N    return rt_atomic_add_unless(ptr, 1, 0);
N}
N
N/**
N * @brief initialize a lock-less single list
N *
N * @param l the single list to be initialized
N */
Nrt_inline void rt_ll_slist_init(rt_ll_slist_t *l)
Xstatic __inline void rt_ll_slist_init(rt_ll_slist_t *l)
N{
N    l->next = 0;
N}
N
Nrt_inline void rt_ll_slist_enqueue(rt_ll_slist_t *l, rt_ll_slist_t *n)
Xstatic __inline void rt_ll_slist_enqueue(rt_ll_slist_t *l, rt_ll_slist_t *n)
N{
N    rt_base_t exp;
N    exp = rt_atomic_load(&l->next);
X    exp = rt_soft_atomic_load(&l->next);
N    do
N    {
N        n->next = exp;
N    } while (!rt_atomic_compare_exchange_strong(&l->next, &exp, (rt_base_t)n));
X    } while (!rt_soft_atomic_compare_exchange_strong(&l->next, &exp ,(rt_base_t)n));
N}
N
Nrt_inline rt_ll_slist_t *rt_ll_slist_dequeue(rt_ll_slist_t *l)
Xstatic __inline rt_ll_slist_t *rt_ll_slist_dequeue(rt_ll_slist_t *l)
N{
N    rt_base_t exp;
N    rt_ll_slist_t *head;
N
N    exp = rt_atomic_load(&l->next);
X    exp = rt_soft_atomic_load(&l->next);
N    do
N    {
N        head = (rt_ll_slist_t *)exp;
N    } while (head && !rt_atomic_compare_exchange_strong(&l->next, &exp, rt_atomic_load(&head->next)));
X    } while (head && !rt_soft_atomic_compare_exchange_strong(&l->next, &exp ,rt_soft_atomic_load(&head->next)));
N    return head;
N}
N
N#endif /* __cplusplus */
N
N#endif /* __RT_ATOMIC_H__ */
L 36 "..\RT-Thread\include\rtthread.h" 2
N#include <rtklibc.h>
L 1 "..\RT-Thread\include\rtklibc.h" 1
N/*
N * Copyright (c) 2006-2024, RT-Thread Development Team
N *
N * SPDX-License-Identifier: Apache-2.0
N *
N * Change Logs:
N * Date           Author       Notes
N * 2024-03-10     Meco Man     the first version
N */
N
N#ifndef __RT_KLIBC_H__
N#define __RT_KLIBC_H__
N
N#include <rtconfig.h>
N#include <rtdef.h>
N
N#include "klibc/kstring.h"
L 1 "..\RT-Thread\include\klibc/kstring.h" 1
N/*
N * Copyright (c) 2006-2024, RT-Thread Development Team
N *
N * SPDX-License-Identifier: Apache-2.0
N *
N * Change Logs:
N * Date           Author       Notes
N * 2024-09-22     Meco Man     the first version
N */
N
N#ifndef __RT_KSTRING_H__
N#define __RT_KSTRING_H__
N
N#include <rttypes.h>
N
N#ifdef __cplusplus
Sextern "C" {
N#endif
N
Nvoid *rt_memset(void *src, int c, rt_ubase_t n);
Nvoid *rt_memcpy(void *dest, const void *src, rt_ubase_t n);
Nvoid *rt_memmove(void *dest, const void *src, rt_size_t n);
Nrt_int32_t rt_memcmp(const void *cs, const void *ct, rt_size_t count);
N
Nchar *rt_strdup(const char *s);
Nrt_size_t rt_strnlen(const char *s, rt_ubase_t maxlen);
Nchar *rt_strstr(const char *str1, const char *str2);
Nrt_int32_t rt_strcasecmp(const char *a, const char *b);
Nchar *rt_strcpy(char *dst, const char *src);
Nchar *rt_strncpy(char *dest, const char *src, rt_size_t n);
Nrt_int32_t rt_strncmp(const char *cs, const char *ct, rt_size_t count);
Nrt_int32_t rt_strcmp(const char *cs, const char *ct);
Nrt_size_t rt_strlen(const char *src);
N
N#ifdef __cplusplus
S}
N#endif
N
N#endif
L 18 "..\RT-Thread\include\rtklibc.h" 2
N#include "klibc/kstdio.h"
L 1 "..\RT-Thread\include\klibc/kstdio.h" 1
N/*
N * Copyright (c) 2006-2024, RT-Thread Development Team
N *
N * SPDX-License-Identifier: Apache-2.0
N *
N * Change Logs:
N * Date           Author       Notes
N * 2024-09-22     Meco Man     the first version
N */
N
N#ifndef __RT_KSTDIO_H__
N#define __RT_KSTDIO_H__
N
N#include <rttypes.h>
N#include <stdarg.h>
N
N#ifdef __cplusplus
Sextern "C" {
N#endif
N
Nint rt_vsprintf(char *dest, const char *format, va_list arg_ptr);
Nint rt_vsnprintf(char *buf, rt_size_t size, const char *fmt, va_list args);
Nint rt_sprintf(char *buf, const char *format, ...);
Nint rt_snprintf(char *buf, rt_size_t size, const char *format, ...);
Nint rt_vsscanf(const char *buffer, const char *format, va_list ap);
Nint rt_sscanf(const char *str, const char *format, ...);
N
N#ifdef __cplusplus
S}
N#endif
N
N#endif
L 19 "..\RT-Thread\include\rtklibc.h" 2
N#include "klibc/kerrno.h"
N
N#endif /* __RT_KLIBC_H__ */
L 37 "..\RT-Thread\include\rtthread.h" 2
N#ifdef RT_USING_LEGACY
S#include <rtlegacy.h>
N#endif
N#ifdef RT_USING_FINSH
S#include <finsh.h>
N#endif /* RT_USING_FINSH */
N
N#ifdef __cplusplus
Sextern "C" {
N#endif
N
N#ifdef __GNUC__
Sint entry(void);
N#endif
N
N/**
N * @addtogroup group_object_management
N * @{
N */
N
N/*
N * kernel object interface
N */
Nstruct rt_object_information *
Nrt_object_get_information(enum rt_object_class_type type);
Nint rt_object_get_length(enum rt_object_class_type type);
Nint rt_object_get_pointers(enum rt_object_class_type type, rt_object_t *pointers, int maxlen);
N
Nvoid rt_object_init(struct rt_object         *object,
N                    enum rt_object_class_type type,
N                    const char               *name);
Nvoid rt_object_detach(rt_object_t object);
N#ifdef RT_USING_HEAP
Nrt_object_t rt_object_allocate(enum rt_object_class_type type, const char *name);
Nvoid rt_object_delete(rt_object_t object);
N/* custom object */
Nrt_object_t rt_custom_object_create(const char *name, void *data, rt_err_t (*data_destroy)(void *));
Nrt_err_t rt_custom_object_destroy(rt_object_t obj);
N#endif /* RT_USING_HEAP */
Nrt_bool_t rt_object_is_systemobject(rt_object_t object);
Nrt_uint8_t rt_object_get_type(rt_object_t object);
Nrt_err_t rt_object_for_each(rt_uint8_t type, rt_object_iter_t iter, void *data);
Nrt_object_t rt_object_find(const char *name, rt_uint8_t type);
Nrt_err_t rt_object_get_name(rt_object_t object, char *name, rt_uint8_t name_size);
N
N#ifdef RT_USING_HOOK
Svoid rt_object_attach_sethook(void (*hook)(struct rt_object *object));
Svoid rt_object_detach_sethook(void (*hook)(struct rt_object *object));
Svoid rt_object_trytake_sethook(void (*hook)(struct rt_object *object));
Svoid rt_object_take_sethook(void (*hook)(struct rt_object *object));
Svoid rt_object_put_sethook(void (*hook)(struct rt_object *object));
N#endif /* RT_USING_HOOK */
N
N/**@}*/
N
N/**
N * @addtogroup group_clock_management
N * @{
N */
N
N/*
N * clock & timer interface
N */
Nrt_tick_t rt_tick_get(void);
Nrt_tick_t rt_tick_get_delta(rt_tick_t base);
Nvoid rt_tick_set(rt_tick_t tick);
Nvoid rt_tick_increase(void);
Nvoid rt_tick_increase_tick(rt_tick_t tick);
Nrt_tick_t  rt_tick_from_millisecond(rt_int32_t ms);
Nrt_tick_t rt_tick_get_millisecond(void);
N#ifdef RT_USING_HOOK
Svoid rt_tick_sethook(void (*hook)(void));
N#endif /* RT_USING_HOOK */
N
Nvoid rt_system_timer_init(void);
Nvoid rt_system_timer_thread_init(void);
N
Nvoid rt_timer_init(rt_timer_t  timer,
N                   const char *name,
N                   void (*timeout)(void *parameter),
N                   void       *parameter,
N                   rt_tick_t   time,
N                   rt_uint8_t  flag);
Nrt_err_t rt_timer_detach(rt_timer_t timer);
N#ifdef RT_USING_HEAP
Nrt_timer_t rt_timer_create(const char *name,
N                           void (*timeout)(void *parameter),
N                           void       *parameter,
N                           rt_tick_t   time,
N                           rt_uint8_t  flag);
Nrt_err_t rt_timer_delete(rt_timer_t timer);
N#endif /* RT_USING_HEAP */
Nrt_err_t rt_timer_start(rt_timer_t timer);
Nrt_err_t rt_timer_stop(rt_timer_t timer);
Nrt_err_t rt_timer_control(rt_timer_t timer, int cmd, void *arg);
Nrt_tick_t rt_timer_next_timeout_tick(void);
Nvoid rt_timer_check(void);
N#ifdef RT_USING_HOOK
Svoid rt_timer_enter_sethook(void (*hook)(struct rt_timer *timer));
Svoid rt_timer_exit_sethook(void (*hook)(struct rt_timer *timer));
N#endif /* RT_USING_HOOK */
N
N/**@}*/
N
N/**
N * @addtogroup group_thread_management
N * @{
N */
N
N/*
N * thread interface
N */
Nrt_err_t rt_thread_init(struct rt_thread *thread,
N                        const char       *name,
N                        void (*entry)(void *parameter),
N                        void             *parameter,
N                        void             *stack_start,
N                        rt_uint32_t       stack_size,
N                        rt_uint8_t        priority,
N                        rt_uint32_t       tick);
Nrt_err_t rt_thread_detach(rt_thread_t thread);
N#ifdef RT_USING_HEAP
Nrt_thread_t rt_thread_create(const char *name,
N                             void (*entry)(void *parameter),
N                             void       *parameter,
N                             rt_uint32_t stack_size,
N                             rt_uint8_t  priority,
N                             rt_uint32_t tick);
Nrt_err_t rt_thread_delete(rt_thread_t thread);
N#endif /* RT_USING_HEAP */
Nrt_err_t rt_thread_close(rt_thread_t thread);
Nrt_thread_t rt_thread_self(void);
Nrt_thread_t rt_thread_find(char *name);
Nrt_err_t rt_thread_startup(rt_thread_t thread);
Nrt_err_t rt_thread_yield(void);
Nrt_err_t rt_thread_delay(rt_tick_t tick);
Nrt_err_t rt_thread_delay_until(rt_tick_t *tick, rt_tick_t inc_tick);
Nrt_err_t rt_thread_mdelay(rt_int32_t ms);
Nrt_err_t rt_thread_control(rt_thread_t thread, int cmd, void *arg);
Nrt_err_t rt_thread_suspend(rt_thread_t thread);
Nrt_err_t rt_thread_suspend_with_flag(rt_thread_t thread, int suspend_flag);
Nrt_err_t rt_thread_resume(rt_thread_t thread);
N#ifdef RT_USING_SMART
Srt_err_t rt_thread_wakeup(rt_thread_t thread);
Svoid rt_thread_wakeup_set(struct rt_thread *thread, rt_wakeup_func_t func, void* user_data);
N#endif /* RT_USING_SMART */
Nrt_err_t rt_thread_get_name(rt_thread_t thread, char *name, rt_uint8_t name_size);
N#ifdef RT_USING_SIGNALS
Svoid rt_thread_alloc_sig(rt_thread_t tid);
Svoid rt_thread_free_sig(rt_thread_t tid);
Sint  rt_thread_kill(rt_thread_t tid, int sig);
N#endif /* RT_USING_SIGNALS */
N#ifdef RT_USING_HOOK
Svoid rt_thread_suspend_sethook(void (*hook)(rt_thread_t thread));
Svoid rt_thread_resume_sethook (void (*hook)(rt_thread_t thread));
S
S/**
S * @brief Sets a hook function when a thread is initialized.
S *
S * @param thread is the target thread that initializing
S */
Stypedef void (*rt_thread_inited_hookproto_t)(rt_thread_t thread);
SRT_OBJECT_HOOKLIST_DECLARE(rt_thread_inited_hookproto_t, rt_thread_inited);
S
N#endif /* RT_USING_HOOK */
N
N/*
N * idle thread interface
N */
Nvoid rt_thread_idle_init(void);
N#if defined(RT_USING_HOOK) || defined(RT_USING_IDLE_HOOK)
X#if 0L || 0L
Srt_err_t rt_thread_idle_sethook(void (*hook)(void));
Srt_err_t rt_thread_idle_delhook(void (*hook)(void));
N#endif /* defined(RT_USING_HOOK) || defined(RT_USING_IDLE_HOOK) */
Nrt_thread_t rt_thread_idle_gethandler(void);
N
N/*
N * schedule service
N */
Nvoid rt_system_scheduler_init(void);
Nvoid rt_system_scheduler_start(void);
N
Nvoid rt_schedule(void);
Nvoid rt_scheduler_do_irq_switch(void *context);
N
N#ifdef RT_USING_OVERFLOW_CHECK
Nvoid rt_scheduler_stack_check(struct rt_thread *thread);
N
N#define RT_SCHEDULER_STACK_CHECK(thr) rt_scheduler_stack_check(thr)
N
N#else /* !RT_USING_OVERFLOW_CHECK */
S
S#define RT_SCHEDULER_STACK_CHECK(thr)
S
N#endif /* RT_USING_OVERFLOW_CHECK */
N
Nrt_base_t rt_enter_critical(void);
Nvoid rt_exit_critical(void);
Nvoid rt_exit_critical_safe(rt_base_t critical_level);
Nrt_uint16_t rt_critical_level(void);
N
N#ifdef RT_USING_HOOK
Svoid rt_scheduler_sethook(void (*hook)(rt_thread_t from, rt_thread_t to));
Svoid rt_scheduler_switch_sethook(void (*hook)(struct rt_thread *tid));
N#endif /* RT_USING_HOOK */
N
N#ifdef RT_USING_SMP
Svoid rt_secondary_cpu_entry(void);
Svoid rt_scheduler_ipi_handler(int vector, void *param);
N#endif /* RT_USING_SMP */
N
N/**@}*/
N
N/**
N * @addtogroup group_signal
N * @{
N */
N#ifdef RT_USING_SIGNALS
Svoid rt_signal_mask(int signo);
Svoid rt_signal_unmask(int signo);
Svoid *rt_signal_check(void* context);
Srt_sighandler_t rt_signal_install(int signo, rt_sighandler_t handler);
Sint rt_signal_wait(const rt_sigset_t *set, rt_siginfo_t *si, rt_int32_t timeout);
Sint rt_system_signal_init(void);
N#endif /* RT_USING_SIGNALS */
N/**@}*/
N
N/**
N * @addtogroup group_memory_management
N * @{
N */
N
N/*
N * memory management interface
N */
N#ifdef RT_USING_MEMPOOL
S/*
S * memory pool interface
S */
Srt_err_t rt_mp_init(struct rt_mempool *mp,
S                    const char        *name,
S                    void              *start,
S                    rt_size_t          size,
S                    rt_size_t          block_size);
Srt_err_t rt_mp_detach(struct rt_mempool *mp);
S#ifdef RT_USING_HEAP
Srt_mp_t rt_mp_create(const char *name,
S                     rt_size_t   block_count,
S                     rt_size_t   block_size);
Srt_err_t rt_mp_delete(rt_mp_t mp);
S#endif /* RT_USING_HEAP */
Svoid *rt_mp_alloc(rt_mp_t mp, rt_int32_t time);
Svoid rt_mp_free(void *block);
S#ifdef RT_USING_HOOK
Svoid rt_mp_alloc_sethook(void (*hook)(struct rt_mempool *mp, void *block));
Svoid rt_mp_free_sethook(void (*hook)(struct rt_mempool *mp, void *block));
S#endif /* RT_USING_HOOK */
S
N#endif /* RT_USING_MEMPOOL */
N
N#ifdef RT_USING_HEAP
N/*
N * heap memory interface
N */
Nvoid rt_system_heap_init(void *begin_addr, void *end_addr);
Nvoid rt_system_heap_init_generic(void *begin_addr, void *end_addr);
N
Nvoid *rt_malloc(rt_size_t size);
Nvoid rt_free(void *ptr);
Nvoid *rt_realloc(void *ptr, rt_size_t newsize);
Nvoid *rt_calloc(rt_size_t count, rt_size_t size);
Nvoid *rt_malloc_align(rt_size_t size, rt_size_t align);
Nvoid rt_free_align(void *ptr);
N
Nvoid rt_memory_info(rt_size_t *total,
N                    rt_size_t *used,
N                    rt_size_t *max_used);
N
N#if defined(RT_USING_SLAB) && defined(RT_USING_SLAB_AS_HEAP)
X#if 0L && 0L
Svoid *rt_page_alloc(rt_size_t npages);
Svoid rt_page_free(void *addr, rt_size_t npages);
N#endif /* defined(RT_USING_SLAB) && defined(RT_USING_SLAB_AS_HEAP) */
N
N/**
N * @ingroup group_hook
N * @{
N */
N
N#ifdef RT_USING_HOOK
Svoid rt_malloc_sethook(void (*hook)(void **ptr, rt_size_t size));
Svoid rt_realloc_set_entry_hook(void (*hook)(void **ptr, rt_size_t size));
Svoid rt_realloc_set_exit_hook(void (*hook)(void **ptr, rt_size_t size));
Svoid rt_free_sethook(void (*hook)(void **ptr));
N#endif /* RT_USING_HOOK */
N/**@}*/
N
N#endif /* RT_USING_HEAP */
N
N#ifdef RT_USING_SMALL_MEM
N/**
N * small memory object interface
N */
Nrt_smem_t rt_smem_init(const char    *name,
N                     void          *begin_addr,
N                     rt_size_t      size);
Nrt_err_t rt_smem_detach(rt_smem_t m);
Nvoid *rt_smem_alloc(rt_smem_t m, rt_size_t size);
Nvoid *rt_smem_realloc(rt_smem_t m, void *rmem, rt_size_t newsize);
Nvoid rt_smem_free(void *rmem);
N#endif /* RT_USING_SMALL_MEM */
N
N#ifdef RT_USING_MEMHEAP
S/**
S * memory heap object interface
S */
Srt_err_t rt_memheap_init(struct rt_memheap *memheap,
S                         const char        *name,
S                         void              *start_addr,
S                         rt_size_t         size);
Srt_err_t rt_memheap_detach(struct rt_memheap *heap);
Svoid *rt_memheap_alloc(struct rt_memheap *heap, rt_size_t size);
Svoid *rt_memheap_realloc(struct rt_memheap *heap, void *ptr, rt_size_t newsize);
Svoid rt_memheap_free(void *ptr);
Svoid rt_memheap_info(struct rt_memheap *heap,
S                     rt_size_t *total,
S                     rt_size_t *used,
S                     rt_size_t *max_used);
N#endif /* RT_USING_MEMHEAP */
N
N#ifdef RT_USING_MEMHEAP_AS_HEAP
S/**
S * memory heap as heap
S */
Svoid *_memheap_alloc(struct rt_memheap *heap, rt_size_t size);
Svoid _memheap_free(void *rmem);
Svoid *_memheap_realloc(struct rt_memheap *heap, void *rmem, rt_size_t newsize);
N#endif
N
N#ifdef RT_USING_SLAB
S/**
S * slab object interface
S */
Srt_slab_t rt_slab_init(const char *name, void *begin_addr, rt_size_t size);
Srt_err_t rt_slab_detach(rt_slab_t m);
Svoid *rt_slab_page_alloc(rt_slab_t m, rt_size_t npages);
Svoid rt_slab_page_free(rt_slab_t m, void *addr, rt_size_t npages);
Svoid *rt_slab_alloc(rt_slab_t m, rt_size_t size);
Svoid *rt_slab_realloc(rt_slab_t m, void *ptr, rt_size_t size);
Svoid rt_slab_free(rt_slab_t m, void *ptr);
N#endif /* RT_USING_SLAB */
N
N/**@}*/
N
N/**
N * @addtogroup group_thread_comm
N * @{
N */
N
N/**
N * Suspend list - A basic building block for IPC primitives which interacts with
N *                scheduler directly. Its API is similar to a FIFO list.
N *
N * Note: don't use in application codes directly
N */
Nvoid rt_susp_list_print(rt_list_t *list);
N/* reserve thread error while resuming it */
N#define RT_THREAD_RESUME_RES_THR_ERR (-1)
Nstruct rt_thread *rt_susp_list_dequeue(rt_list_t *susp_list, rt_err_t thread_error);
Nrt_err_t rt_susp_list_resume_all(rt_list_t *susp_list, rt_err_t thread_error);
Nrt_err_t rt_susp_list_resume_all_irq(rt_list_t *susp_list,
N                                     rt_err_t thread_error,
N                                     struct rt_spinlock *lock);
N
N/* suspend and enqueue */
Nrt_err_t rt_thread_suspend_to_list(rt_thread_t thread, rt_list_t *susp_list, int ipc_flags, int suspend_flag);
N/* only for a suspended thread, and caller must hold the scheduler lock */
Nrt_err_t rt_susp_list_enqueue(rt_list_t *susp_list, rt_thread_t thread, int ipc_flags);
N
N/**
N * @addtogroup group_semaphore Semaphore
N * @{
N */
N
N#ifdef RT_USING_SEMAPHORE
N/*
N * semaphore interface
N */
Nrt_err_t rt_sem_init(rt_sem_t    sem,
N                     const char *name,
N                     rt_uint32_t value,
N                     rt_uint8_t  flag);
Nrt_err_t rt_sem_detach(rt_sem_t sem);
N#ifdef RT_USING_HEAP
Nrt_sem_t rt_sem_create(const char *name, rt_uint32_t value, rt_uint8_t flag);
Nrt_err_t rt_sem_delete(rt_sem_t sem);
N#endif /* RT_USING_HEAP */
N
Nrt_err_t rt_sem_take(rt_sem_t sem, rt_int32_t timeout);
Nrt_err_t rt_sem_take_interruptible(rt_sem_t sem, rt_int32_t timeout);
Nrt_err_t rt_sem_take_killable(rt_sem_t sem, rt_int32_t timeout);
Nrt_err_t rt_sem_trytake(rt_sem_t sem);
Nrt_err_t rt_sem_release(rt_sem_t sem);
Nrt_err_t rt_sem_control(rt_sem_t sem, int cmd, void *arg);
N#endif /* RT_USING_SEMAPHORE */
N
N/**@}*/
N
N/**
N * @addtogroup group_mutex Mutex
N * @{
N */
N
N#ifdef RT_USING_MUTEX
N/*
N * mutex interface
N */
Nrt_err_t rt_mutex_init(rt_mutex_t mutex, const char *name, rt_uint8_t flag);
Nrt_err_t rt_mutex_detach(rt_mutex_t mutex);
N#ifdef RT_USING_HEAP
Nrt_mutex_t rt_mutex_create(const char *name, rt_uint8_t flag);
Nrt_err_t rt_mutex_delete(rt_mutex_t mutex);
N#endif /* RT_USING_HEAP */
Nvoid rt_mutex_drop_thread(rt_mutex_t mutex, rt_thread_t thread);
Nrt_uint8_t rt_mutex_setprioceiling(rt_mutex_t mutex, rt_uint8_t priority);
Nrt_uint8_t rt_mutex_getprioceiling(rt_mutex_t mutex);
N
Nrt_err_t rt_mutex_take(rt_mutex_t mutex, rt_int32_t timeout);
Nrt_err_t rt_mutex_trytake(rt_mutex_t mutex);
Nrt_err_t rt_mutex_take_interruptible(rt_mutex_t mutex, rt_int32_t time);
Nrt_err_t rt_mutex_take_killable(rt_mutex_t mutex, rt_int32_t time);
Nrt_err_t rt_mutex_release(rt_mutex_t mutex);
Nrt_err_t rt_mutex_control(rt_mutex_t mutex, int cmd, void *arg);
N
Nrt_inline rt_thread_t rt_mutex_get_owner(rt_mutex_t mutex)
Xstatic __inline rt_thread_t rt_mutex_get_owner(rt_mutex_t mutex)
N{
N    return mutex->owner;
N}
Nrt_inline rt_ubase_t rt_mutex_get_hold(rt_mutex_t mutex)
Xstatic __inline rt_ubase_t rt_mutex_get_hold(rt_mutex_t mutex)
N{
N    return mutex->hold;
N}
N
N#endif /* RT_USING_MUTEX */
N
N/**@}*/
N
N/**
N * @addtogroup group_event Event
N * @{
N */
N
N#ifdef RT_USING_EVENT
S/*
S * event interface
S */
Srt_err_t rt_event_init(rt_event_t event, const char *name, rt_uint8_t flag);
Srt_err_t rt_event_detach(rt_event_t event);
S#ifdef RT_USING_HEAP
Srt_event_t rt_event_create(const char *name, rt_uint8_t flag);
Srt_err_t rt_event_delete(rt_event_t event);
S#endif /* RT_USING_HEAP */
S
Srt_err_t rt_event_send(rt_event_t event, rt_uint32_t set);
Srt_err_t rt_event_recv(rt_event_t   event,
S                       rt_uint32_t  set,
S                       rt_uint8_t   opt,
S                       rt_int32_t   timeout,
S                       rt_uint32_t *recved);
Srt_err_t rt_event_recv_interruptible(rt_event_t   event,
S                       rt_uint32_t  set,
S                       rt_uint8_t   opt,
S                       rt_int32_t   timeout,
S                       rt_uint32_t *recved);
Srt_err_t rt_event_recv_killable(rt_event_t   event,
S                       rt_uint32_t  set,
S                       rt_uint8_t   opt,
S                       rt_int32_t   timeout,
S                       rt_uint32_t *recved);
Srt_err_t rt_event_control(rt_event_t event, int cmd, void *arg);
N#endif /* RT_USING_EVENT */
N
N/**@}*/
N
N/**
N * @addtogroup group_mailbox MailBox
N * @{
N */
N
N#ifdef RT_USING_MAILBOX
N/*
N * mailbox interface
N */
Nrt_err_t rt_mb_init(rt_mailbox_t mb,
N                    const char  *name,
N                    void        *msgpool,
N                    rt_size_t    size,
N                    rt_uint8_t   flag);
Nrt_err_t rt_mb_detach(rt_mailbox_t mb);
N#ifdef RT_USING_HEAP
Nrt_mailbox_t rt_mb_create(const char *name, rt_size_t size, rt_uint8_t flag);
Nrt_err_t rt_mb_delete(rt_mailbox_t mb);
N#endif /* RT_USING_HEAP */
N
Nrt_err_t rt_mb_send(rt_mailbox_t mb, rt_ubase_t value);
Nrt_err_t rt_mb_send_interruptible(rt_mailbox_t mb, rt_ubase_t value);
Nrt_err_t rt_mb_send_killable(rt_mailbox_t mb, rt_ubase_t value);
Nrt_err_t rt_mb_send_wait(rt_mailbox_t mb,
N                         rt_ubase_t  value,
N                         rt_int32_t   timeout);
Nrt_err_t rt_mb_send_wait_interruptible(rt_mailbox_t mb,
N                         rt_ubase_t  value,
N                         rt_int32_t   timeout);
Nrt_err_t rt_mb_send_wait_killable(rt_mailbox_t mb,
N                         rt_ubase_t  value,
N                         rt_int32_t   timeout);
Nrt_err_t rt_mb_urgent(rt_mailbox_t mb, rt_ubase_t value);
Nrt_err_t rt_mb_recv(rt_mailbox_t mb, rt_ubase_t *value, rt_int32_t timeout);
Nrt_err_t rt_mb_recv_interruptible(rt_mailbox_t mb, rt_ubase_t *value, rt_int32_t timeout);
Nrt_err_t rt_mb_recv_killable(rt_mailbox_t mb, rt_ubase_t *value, rt_int32_t timeout);
Nrt_err_t rt_mb_control(rt_mailbox_t mb, int cmd, void *arg);
N#endif /* RT_USING_MAILBOX */
N
N/**@}*/
N
N/**
N * @addtogroup group_messagequeue Message Queue
N * @{
N */
N#ifdef RT_USING_MESSAGEQUEUE
N
Nstruct rt_mq_message
N{
N    struct rt_mq_message *next;
N    rt_ssize_t length;
N#ifdef RT_USING_MESSAGEQUEUE_PRIORITY
S    rt_int32_t prio;
N#endif /* RT_USING_MESSAGEQUEUE_PRIORITY */
N};
N
N#define RT_MQ_BUF_SIZE(msg_size, max_msgs) \
N((RT_ALIGN((msg_size), RT_ALIGN_SIZE) + sizeof(struct rt_mq_message)) * (max_msgs))
X#define RT_MQ_BUF_SIZE(msg_size, max_msgs) ((RT_ALIGN((msg_size), RT_ALIGN_SIZE) + sizeof(struct rt_mq_message)) * (max_msgs))
N
N/*
N * message queue interface
N */
Nrt_err_t rt_mq_init(rt_mq_t     mq,
N                    const char *name,
N                    void       *msgpool,
N                    rt_size_t   msg_size,
N                    rt_size_t   pool_size,
N                    rt_uint8_t  flag);
Nrt_err_t rt_mq_detach(rt_mq_t mq);
N#ifdef RT_USING_HEAP
Nrt_mq_t rt_mq_create(const char *name,
N                     rt_size_t   msg_size,
N                     rt_size_t   max_msgs,
N                     rt_uint8_t  flag);
Nrt_err_t rt_mq_delete(rt_mq_t mq);
N#endif /* RT_USING_HEAP */
N
Nrt_err_t rt_mq_send(rt_mq_t mq, const void *buffer, rt_size_t size);
Nrt_err_t rt_mq_send_interruptible(rt_mq_t mq, const void *buffer, rt_size_t size);
Nrt_err_t rt_mq_send_killable(rt_mq_t mq, const void *buffer, rt_size_t size);
Nrt_err_t rt_mq_send_wait(rt_mq_t     mq,
N                         const void *buffer,
N                         rt_size_t   size,
N                         rt_int32_t  timeout);
Nrt_err_t rt_mq_send_wait_interruptible(rt_mq_t     mq,
N                         const void *buffer,
N                         rt_size_t   size,
N                         rt_int32_t  timeout);
Nrt_err_t rt_mq_send_wait_killable(rt_mq_t     mq,
N                         const void *buffer,
N                         rt_size_t   size,
N                         rt_int32_t  timeout);
Nrt_err_t rt_mq_urgent(rt_mq_t mq, const void *buffer, rt_size_t size);
Nrt_ssize_t rt_mq_recv(rt_mq_t    mq,
N                    void      *buffer,
N                    rt_size_t  size,
N                    rt_int32_t timeout);
Nrt_ssize_t rt_mq_recv_interruptible(rt_mq_t    mq,
N                    void      *buffer,
N                    rt_size_t  size,
N                    rt_int32_t timeout);
Nrt_ssize_t rt_mq_recv_killable(rt_mq_t    mq,
N                    void      *buffer,
N                    rt_size_t  size,
N                    rt_int32_t timeout);
Nrt_err_t rt_mq_control(rt_mq_t mq, int cmd, void *arg);
N
N#ifdef RT_USING_MESSAGEQUEUE_PRIORITY
Srt_err_t rt_mq_send_wait_prio(rt_mq_t mq,
S                              const void *buffer,
S                              rt_size_t size,
S                              rt_int32_t prio,
S                              rt_int32_t timeout,
S                              int suspend_flag);
Srt_ssize_t rt_mq_recv_prio(rt_mq_t mq,
S                           void *buffer,
S                           rt_size_t size,
S                           rt_int32_t *prio,
S                           rt_int32_t timeout,
S                           int suspend_flag);
N#endif /* RT_USING_MESSAGEQUEUE_PRIORITY */
N#endif /* RT_USING_MESSAGEQUEUE */
N
N/**@}*/
N
N/* defunct */
Nvoid rt_thread_defunct_init(void);
Nvoid rt_thread_defunct_enqueue(rt_thread_t thread);
Nrt_thread_t rt_thread_defunct_dequeue(void);
Nvoid rt_defunct_execute(void);
N
N/*
N * spinlock
N */
Nstruct rt_spinlock;
N
Nvoid rt_spin_lock_init(struct rt_spinlock *lock);
Nvoid rt_spin_lock(struct rt_spinlock *lock);
Nvoid rt_spin_unlock(struct rt_spinlock *lock);
Nrt_base_t rt_spin_lock_irqsave(struct rt_spinlock *lock);
Nvoid rt_spin_unlock_irqrestore(struct rt_spinlock *lock, rt_base_t level);
N
N/**@}*/
N
N#ifdef RT_USING_DEVICE
N/**
N * @addtogroup group_device_driver
N * @{
N */
N
N/*
N * device (I/O) system interface
N */
Nrt_device_t rt_device_find(const char *name);
N
Nrt_err_t rt_device_register(rt_device_t dev,
N                            const char *name,
N                            rt_uint16_t flags);
Nrt_err_t rt_device_unregister(rt_device_t dev);
N
N#ifdef RT_USING_HEAP
Nrt_device_t rt_device_create(int type, int attach_size);
Nvoid rt_device_destroy(rt_device_t device);
N#endif /* RT_USING_HEAP */
N
Nrt_err_t
Nrt_device_set_rx_indicate(rt_device_t dev,
N                          rt_err_t (*rx_ind)(rt_device_t dev, rt_size_t size));
Nrt_err_t
Nrt_device_set_tx_complete(rt_device_t dev,
N                          rt_err_t (*tx_done)(rt_device_t dev, void *buffer));
N
Nrt_err_t  rt_device_init (rt_device_t dev);
Nrt_err_t  rt_device_open (rt_device_t dev, rt_uint16_t oflag);
Nrt_err_t  rt_device_close(rt_device_t dev);
Nrt_ssize_t rt_device_read(rt_device_t dev,
N                          rt_off_t    pos,
N                          void       *buffer,
N                          rt_size_t   size);
Nrt_ssize_t rt_device_write(rt_device_t dev,
N                          rt_off_t    pos,
N                          const void *buffer,
N                          rt_size_t   size);
Nrt_err_t  rt_device_control(rt_device_t dev, int cmd, void *arg);
N
N/**@}*/
N#endif /* RT_USING_DEVICE */
N
N/*
N * interrupt service
N */
N
N/*
N * rt_interrupt_enter and rt_interrupt_leave only can be called by BSP
N */
Nvoid rt_interrupt_enter(void);
Nvoid rt_interrupt_leave(void);
N
Nvoid rt_interrupt_context_push(rt_interrupt_context_t this_ctx);
Nvoid rt_interrupt_context_pop(void);
Nvoid *rt_interrupt_context_get(void);
N
N/**
N * CPU object
N */
Nstruct rt_cpu *rt_cpu_self(void);
Nstruct rt_cpu *rt_cpu_index(int index);
N
N#ifdef RT_USING_SMP
S
S/*
S * smp cpus lock service
S */
S
Srt_base_t rt_cpus_lock(void);
Svoid rt_cpus_unlock(rt_base_t level);
Svoid rt_cpus_lock_status_restore(struct rt_thread *thread);
S
S#ifdef RT_USING_DEBUG
S    rt_base_t rt_cpu_get_id(void);
S#else /* !RT_USING_DEBUG */
S    #define rt_cpu_get_id rt_hw_cpu_id
S#endif /* RT_USING_DEBUG */
S
N#else /* !RT_USING_SMP */
N#define rt_cpu_get_id()  (0)
N
N#endif /* RT_USING_SMP */
N
N/*
N * the number of nested interrupts.
N */
Nrt_uint8_t rt_interrupt_get_nest(void);
N
N#ifdef RT_USING_HOOK
Svoid rt_interrupt_enter_sethook(void (*hook)(void));
Svoid rt_interrupt_leave_sethook(void (*hook)(void));
N#endif /* RT_USING_HOOK */
N
N#ifdef RT_USING_COMPONENTS_INIT
Svoid rt_components_init(void);
Svoid rt_components_board_init(void);
N#endif /* RT_USING_COMPONENTS_INIT */
N
N/**
N * @addtogroup group_kernel_service
N * @{
N */
N
N/*
N * general kernel service
N */
N#ifndef RT_USING_CONSOLE
N#define rt_kprintf(...)
N#define rt_kputs(str)
N#else
Sint rt_kprintf(const char *fmt, ...);
Svoid rt_kputs(const char *str);
N#endif /* RT_USING_CONSOLE */
N
Nrt_err_t rt_backtrace(void);
Nrt_err_t rt_backtrace_thread(rt_thread_t thread);
Nrt_err_t rt_backtrace_frame(rt_thread_t thread, struct rt_hw_backtrace_frame *frame);
Nrt_err_t rt_backtrace_formatted_print(rt_ubase_t *buffer, long buflen);
Nrt_err_t rt_backtrace_to_buffer(rt_thread_t thread, struct rt_hw_backtrace_frame *frame,
N                                long skip, rt_ubase_t *buffer, long buflen);
N
N#if defined(RT_USING_DEVICE) && defined(RT_USING_CONSOLE)
X#if 1L && 0L
Srt_device_t rt_console_set_device(const char *name);
Srt_device_t rt_console_get_device(void);
S#ifdef RT_USING_THREADSAFE_PRINTF
S    rt_thread_t rt_console_current_user(void);
S#else
S    rt_inline void *rt_console_current_user(void) { return RT_NULL; }
S#endif /* RT_USING_THREADSAFE_PRINTF */
N#endif /* defined(RT_USING_DEVICE) && defined(RT_USING_CONSOLE) */
N
Nint __rt_ffs(int value);
Nunsigned long __rt_ffsl(unsigned long value);
Nunsigned long __rt_clz(unsigned long value);
N
Nvoid rt_show_version(void);
N
N#ifdef RT_DEBUGING_ASSERT
Sextern void (*rt_assert_hook)(const char *ex, const char *func, rt_size_t line);
Svoid rt_assert_set_hook(void (*hook)(const char *ex, const char *func, rt_size_t line));
Svoid rt_assert_handler(const char *ex, const char *func, rt_size_t line);
S
S#define RT_ASSERT(EX)                                                         \
Sif (!(EX))                                                                    \
S{                                                                             \
S    rt_assert_handler(#EX, __FUNCTION__, __LINE__);                           \
S}
X#define RT_ASSERT(EX)                                                         if (!(EX))                                                                    {                                                                                 rt_assert_handler(#EX, __FUNCTION__, __LINE__);                           }
N#else
N#define RT_ASSERT(EX) {RT_UNUSED(EX);}
N#endif /* RT_DEBUGING_ASSERT */
N
N#ifdef RT_DEBUGING_CONTEXT
S/* Macro to check current context */
S#define RT_DEBUG_NOT_IN_INTERRUPT                                             \
Sdo                                                                            \
S{                                                                             \
S    if (rt_interrupt_get_nest() != 0)                                         \
S    {                                                                         \
S        rt_kprintf("Function[%s] shall not be used in ISR\n", __FUNCTION__);  \
S        RT_ASSERT(0)                                                          \
S    }                                                                         \
S}                                                                             \
Swhile (0)
X#define RT_DEBUG_NOT_IN_INTERRUPT                                             do                                                                            {                                                                                 if (rt_interrupt_get_nest() != 0)                                             {                                                                                 rt_kprintf("Function[%s] shall not be used in ISR\n", __FUNCTION__);          RT_ASSERT(0)                                                              }                                                                         }                                                                             while (0)
S
S/* "In thread context" means:
S *     1) the scheduler has been started
S *     2) not in interrupt context.
S */
S#define RT_DEBUG_IN_THREAD_CONTEXT                                            \
Sdo                                                                            \
S{                                                                             \
S    if (rt_thread_self() == RT_NULL)                                          \
S    {                                                                         \
S        rt_kprintf("Function[%s] shall not be used before scheduler start\n", \
S                   __FUNCTION__);                                             \
S        RT_ASSERT(0)                                                          \
S    }                                                                         \
S    RT_DEBUG_NOT_IN_INTERRUPT;                                                \
S}                                                                             \
Swhile (0)
X#define RT_DEBUG_IN_THREAD_CONTEXT                                            do                                                                            {                                                                                 if (rt_thread_self() == RT_NULL)                                              {                                                                                 rt_kprintf("Function[%s] shall not be used before scheduler start\n",                    __FUNCTION__);                                                     RT_ASSERT(0)                                                              }                                                                             RT_DEBUG_NOT_IN_INTERRUPT;                                                }                                                                             while (0)
S
S/* "scheduler available" means:
S *     1) the scheduler has been started.
S *     2) not in interrupt context.
S *     3) scheduler is not locked.
S */
S#define RT_DEBUG_SCHEDULER_AVAILABLE(need_check)                              \
Sdo                                                                            \
S{                                                                             \
S    if (need_check)                                                           \
S    {                                                                         \
S        if (rt_critical_level() != 0)                                         \
S        {                                                                     \
S            rt_kprintf("Function[%s]: scheduler is not available\n",          \
S                    __FUNCTION__);                                            \
S            RT_ASSERT(0)                                                      \
S        }                                                                     \
S        RT_DEBUG_IN_THREAD_CONTEXT;                                           \
S    }                                                                         \
S}                                                                             \
Swhile (0)
X#define RT_DEBUG_SCHEDULER_AVAILABLE(need_check)                              do                                                                            {                                                                                 if (need_check)                                                               {                                                                                 if (rt_critical_level() != 0)                                                 {                                                                                 rt_kprintf("Function[%s]: scheduler is not available\n",                              __FUNCTION__);                                                        RT_ASSERT(0)                                                              }                                                                             RT_DEBUG_IN_THREAD_CONTEXT;                                               }                                                                         }                                                                             while (0)
N#else
N#define RT_DEBUG_NOT_IN_INTERRUPT
N#define RT_DEBUG_IN_THREAD_CONTEXT
N#define RT_DEBUG_SCHEDULER_AVAILABLE(need_check)
N#endif /* RT_DEBUGING_CONTEXT */
N
Nrt_inline rt_bool_t rt_in_thread_context(void)
Xstatic __inline rt_bool_t rt_in_thread_context(void)
N{
N    return rt_thread_self() != RT_NULL && rt_interrupt_get_nest() == 0;
X    return rt_thread_self() != 0 && rt_interrupt_get_nest() == 0;
N}
N
N/* is scheduler available */
Nrt_inline rt_bool_t rt_scheduler_is_available(void)
Xstatic __inline rt_bool_t rt_scheduler_is_available(void)
N{
N    return rt_critical_level() == 0 && rt_in_thread_context();
N}
N
N#ifdef RT_USING_SMP
S/* is thread bond on core */
Srt_inline rt_bool_t rt_sched_thread_is_binding(rt_thread_t thread)
S{
S    if (thread == RT_NULL)
S    {
S        thread = rt_thread_self();
S    }
S    return !thread || RT_SCHED_CTX(thread).bind_cpu != RT_CPUS_NR;
S}
S
N#else
N#define rt_sched_thread_is_binding(thread) (RT_TRUE)
N#endif
N
N/**@}*/
N
N#ifdef __cplusplus
S}
N#endif
N
N#endif /* __RT_THREAD_H__ */
L 24 "..\RT-Thread\src\mempool.c" 2
N
N#ifdef RT_USING_MEMPOOL
S
S#if defined(RT_USING_HOOK) && defined(RT_HOOK_USING_FUNC_PTR)
Sstatic void (*rt_mp_alloc_hook)(struct rt_mempool *mp, void *block);
Sstatic void (*rt_mp_free_hook)(struct rt_mempool *mp, void *block);
S
S/**
S * @addtogroup group_hook
S */
S
S/**@{*/
S
S/**
S * @brief This function will set a hook function, which will be invoked when a memory
S *        block is allocated from the memory pool.
S *
S * @param hook the hook function
S */
Svoid rt_mp_alloc_sethook(void (*hook)(struct rt_mempool *mp, void *block))
S{
S    rt_mp_alloc_hook = hook;
S}
S
S/**
S * @brief This function will set a hook function, which will be invoked when a memory
S *        block is released to the memory pool.
S *
S * @param hook the hook function
S */
Svoid rt_mp_free_sethook(void (*hook)(struct rt_mempool *mp, void *block))
S{
S    rt_mp_free_hook = hook;
S}
S
S/**@}*/
S#endif /* RT_USING_HOOK */
S
S/**
S * @addtogroup group_memory_management
S */
S
S/**@{*/
S
S/**
S * @brief  This function will initialize a memory pool object, normally which is used
S *         for static object.
S *
S * @param  mp is the memory pool object.
S *
S * @param  name is the name of the memory pool.
S *
S * @param  start is the start address of the memory pool.
S *
S * @param  size is the total size of the memory pool.
S *
S * @param  block_size is the size for each block..
S *
S * @return RT_EOK
S */
Srt_err_t rt_mp_init(struct rt_mempool *mp,
S                    const char        *name,
S                    void              *start,
S                    rt_size_t          size,
S                    rt_size_t          block_size)
S{
S    rt_uint8_t *block_ptr;
S    rt_size_t offset;
S
S    /* parameter check */
S    RT_ASSERT(mp != RT_NULL);
S    RT_ASSERT(name != RT_NULL);
S    RT_ASSERT(start != RT_NULL);
S    RT_ASSERT(size > 0 && block_size > 0);
S
S    /* initialize object */
S    rt_object_init(&(mp->parent), RT_Object_Class_MemPool, name);
S
S    /* initialize memory pool */
S    mp->start_address = start;
S    mp->size = RT_ALIGN_DOWN(size, RT_ALIGN_SIZE);
S
S    /* align the block size */
S    block_size = RT_ALIGN(block_size, RT_ALIGN_SIZE);
S    mp->block_size = block_size;
S
S    /* align to align size byte */
S    mp->block_total_count = mp->size / (mp->block_size + sizeof(rt_uint8_t *));
S    mp->block_free_count  = mp->block_total_count;
S
S    /* initialize suspended thread list */
S    rt_list_init(&(mp->suspend_thread));
S
S    /* initialize free block list */
S    block_ptr = (rt_uint8_t *)mp->start_address;
S    for (offset = 0; offset < mp->block_total_count; offset ++)
S    {
S        *(rt_uint8_t **)(block_ptr + offset * (block_size + sizeof(rt_uint8_t *))) =
S            (rt_uint8_t *)(block_ptr + (offset + 1) * (block_size + sizeof(rt_uint8_t *)));
S    }
S
S    *(rt_uint8_t **)(block_ptr + (offset - 1) * (block_size + sizeof(rt_uint8_t *))) =
S        RT_NULL;
S
S    mp->block_list = block_ptr;
S    rt_spin_lock_init(&(mp->spinlock));
S
S    return RT_EOK;
S}
SRTM_EXPORT(rt_mp_init);
S
S/**
S * @brief  This function will detach a memory pool from system object management.
S *
S * @param  mp is the memory pool object.
S *
S * @return RT_EOK
S */
Srt_err_t rt_mp_detach(struct rt_mempool *mp)
S{
S    rt_base_t level;
S
S    /* parameter check */
S    RT_ASSERT(mp != RT_NULL);
S    RT_ASSERT(rt_object_get_type(&mp->parent) == RT_Object_Class_MemPool);
S    RT_ASSERT(rt_object_is_systemobject(&mp->parent));
S
S    level = rt_spin_lock_irqsave(&(mp->spinlock));
S    /* wake up all suspended threads */
S    rt_susp_list_resume_all(&mp->suspend_thread, RT_ERROR);
S
S    /* detach object */
S    rt_object_detach(&(mp->parent));
S    rt_spin_unlock_irqrestore(&(mp->spinlock), level);
S
S    return RT_EOK;
S}
SRTM_EXPORT(rt_mp_detach);
S
S#ifdef RT_USING_HEAP
S/**
S * @brief This function will create a mempool object and allocate the memory pool from
S *        heap.
S *
S * @param name is the name of memory pool.
S *
S * @param block_count is the count of blocks in memory pool.
S *
S * @param block_size is the size for each block.
S *
S * @return the created mempool object
S */
Srt_mp_t rt_mp_create(const char *name,
S                     rt_size_t   block_count,
S                     rt_size_t   block_size)
S{
S    rt_uint8_t *block_ptr;
S    struct rt_mempool *mp;
S    rt_size_t offset;
S
S    RT_DEBUG_NOT_IN_INTERRUPT;
S
S    /* parameter check */
S    RT_ASSERT(name != RT_NULL);
S    RT_ASSERT(block_count > 0 && block_size > 0);
S
S    /* allocate object */
S    mp = (struct rt_mempool *)rt_object_allocate(RT_Object_Class_MemPool, name);
S    /* allocate object failed */
S    if (mp == RT_NULL)
S        return RT_NULL;
S
S    /* initialize memory pool */
S    block_size     = RT_ALIGN(block_size, RT_ALIGN_SIZE);
S    mp->block_size = block_size;
S    mp->size       = (block_size + sizeof(rt_uint8_t *)) * block_count;
S
S    /* allocate memory */
S    mp->start_address = rt_malloc((block_size + sizeof(rt_uint8_t *)) *
S                                  block_count);
S    if (mp->start_address == RT_NULL)
S    {
S        /* no memory, delete memory pool object */
S        rt_object_delete(&(mp->parent));
S
S        return RT_NULL;
S    }
S
S    mp->block_total_count = block_count;
S    mp->block_free_count  = mp->block_total_count;
S
S    /* initialize suspended thread list */
S    rt_list_init(&(mp->suspend_thread));
S
S    /* initialize free block list */
S    block_ptr = (rt_uint8_t *)mp->start_address;
S    for (offset = 0; offset < mp->block_total_count; offset ++)
S    {
S        *(rt_uint8_t **)(block_ptr + offset * (block_size + sizeof(rt_uint8_t *)))
S            = block_ptr + (offset + 1) * (block_size + sizeof(rt_uint8_t *));
S    }
S
S    *(rt_uint8_t **)(block_ptr + (offset - 1) * (block_size + sizeof(rt_uint8_t *)))
S        = RT_NULL;
S
S    mp->block_list = block_ptr;
S    rt_spin_lock_init(&(mp->spinlock));
S
S    return mp;
S}
SRTM_EXPORT(rt_mp_create);
S
S/**
S * @brief This function will delete a memory pool and release the object memory.
S *
S * @param mp is the memory pool object.
S *
S * @return RT_EOK
S */
Srt_err_t rt_mp_delete(rt_mp_t mp)
S{
S    rt_base_t level;
S
S    RT_DEBUG_NOT_IN_INTERRUPT;
S
S    /* parameter check */
S    RT_ASSERT(mp != RT_NULL);
S    RT_ASSERT(rt_object_get_type(&mp->parent) == RT_Object_Class_MemPool);
S    RT_ASSERT(rt_object_is_systemobject(&mp->parent) == RT_FALSE);
S
S    level = rt_spin_lock_irqsave(&(mp->spinlock));
S    /* wake up all suspended threads */
S    rt_susp_list_resume_all(&mp->suspend_thread, RT_ERROR);
S
S    rt_spin_unlock_irqrestore(&(mp->spinlock), level);
S
S    /* release allocated room */
S    rt_free(mp->start_address);
S
S    /* detach object */
S    rt_object_delete(&(mp->parent));
S
S    return RT_EOK;
S}
SRTM_EXPORT(rt_mp_delete);
S#endif /* RT_USING_HEAP */
S
S/**
S * @brief This function will allocate a block from memory pool.
S *
S * @param mp is the memory pool object.
S *
S * @param time is the maximum waiting time for allocating memory.
S *             - 0 for not waiting, allocating memory immediately.
S *
S * @return the allocated memory block or RT_NULL on allocated failed.
S */
Svoid *rt_mp_alloc(rt_mp_t mp, rt_int32_t time)
S{
S    rt_uint8_t *block_ptr;
S    rt_base_t level;
S    struct rt_thread *thread;
S    rt_uint32_t before_sleep = 0;
S
S    /* parameter check */
S    RT_ASSERT(mp != RT_NULL);
S
S    /* get current thread */
S    thread = rt_thread_self();
S
S    level = rt_spin_lock_irqsave(&(mp->spinlock));
S
S    while (mp->block_free_count == 0)
S    {
S        /* memory block is unavailable. */
S        if (time == 0)
S        {
S            rt_spin_unlock_irqrestore(&(mp->spinlock), level);
S
S            rt_set_errno(-RT_ETIMEOUT);
S
S            return RT_NULL;
S        }
S
S        RT_DEBUG_NOT_IN_INTERRUPT;
S
S        thread->error = RT_EOK;
S
S        /* need suspend thread */
S        rt_thread_suspend_to_list(thread, &mp->suspend_thread, RT_IPC_FLAG_FIFO, RT_UNINTERRUPTIBLE);
S
S        if (time > 0)
S        {
S            /* get the start tick of timer */
S            before_sleep = rt_tick_get();
S
S            /* init thread timer and start it */
S            rt_timer_control(&(thread->thread_timer),
S                             RT_TIMER_CTRL_SET_TIME,
S                             &time);
S            rt_timer_start(&(thread->thread_timer));
S        }
S
S        /* enable interrupt */
S        rt_spin_unlock_irqrestore(&(mp->spinlock), level);
S
S        /* do a schedule */
S        rt_schedule();
S
S        if (thread->error != RT_EOK)
S            return RT_NULL;
S
S        if (time > 0)
S        {
S            time -= rt_tick_get() - before_sleep;
S            if (time < 0)
S                time = 0;
S        }
S        level = rt_spin_lock_irqsave(&(mp->spinlock));
S    }
S
S    /* memory block is available. decrease the free block counter */
S    mp->block_free_count--;
S
S    /* get block from block list */
S    block_ptr = mp->block_list;
S    RT_ASSERT(block_ptr != RT_NULL);
S
S    /* Setup the next free node. */
S    mp->block_list = *(rt_uint8_t **)block_ptr;
S
S    /* point to memory pool */
S    *(rt_uint8_t **)block_ptr = (rt_uint8_t *)mp;
S
S    rt_spin_unlock_irqrestore(&(mp->spinlock), level);
S
S    RT_OBJECT_HOOK_CALL(rt_mp_alloc_hook,
S                        (mp, (rt_uint8_t *)(block_ptr + sizeof(rt_uint8_t *))));
S
S    return (rt_uint8_t *)(block_ptr + sizeof(rt_uint8_t *));
S}
SRTM_EXPORT(rt_mp_alloc);
S
S/**
S * @brief This function will release a memory block.
S *
S * @param block the address of memory block to be released.
S */
Svoid rt_mp_free(void *block)
S{
S    rt_uint8_t **block_ptr;
S    struct rt_mempool *mp;
S    rt_base_t level;
S
S    /* parameter check */
S    if (block == RT_NULL) return;
S
S    /* get the control block of pool which the block belongs to */
S    block_ptr = (rt_uint8_t **)((rt_uint8_t *)block - sizeof(rt_uint8_t *));
S    mp        = (struct rt_mempool *)*block_ptr;
S
S    RT_OBJECT_HOOK_CALL(rt_mp_free_hook, (mp, block));
S
S    level = rt_spin_lock_irqsave(&(mp->spinlock));
S
S    /* increase the free block count */
S    mp->block_free_count ++;
S
S    /* link the block into the block list */
S    *block_ptr = mp->block_list;
S    mp->block_list = (rt_uint8_t *)block_ptr;
S
S    if (rt_susp_list_dequeue(&mp->suspend_thread, RT_EOK))
S    {
S        rt_spin_unlock_irqrestore(&(mp->spinlock), level);
S
S        /* do a schedule */
S        rt_schedule();
S
S        return;
S    }
S    rt_spin_unlock_irqrestore(&(mp->spinlock), level);
S}
SRTM_EXPORT(rt_mp_free);
S
S/**@}*/
S
N#endif /* RT_USING_MEMPOOL */
